ContentID,Title,Type,Genre,Language,Country,Director,CastCount,ReleaseYear,AddedDate,RuntimeMinutes,EpisodeCount,AgeRating,IMDbScore,ViewsMillions,WatchHoursMillions,AvgCompletionPct,AwardsWon,ProductionCostCr,RevenueCr,SubscribersGainedThousands,TrendingStatus,CriticRating,Profit_Cr,ROI_Pct,Performance_Band
CS-0001,Voyage Whispering II,Movie,Kids,Hindi,India,Akira Brown,3,2024,2020-04-28,149.0,1,U/A 13+,8.0,25.28,40.81,65,4,56.1,59.5,5873,Classic,7.4,3.3999999999999986,6.060606060606058,Break-even
CS-0002,Endless River: Reborn,Series,Kids,Korean,South Korea,Riya Patel,6,2017,2020-07-30,880.0,16,U/A 7+,6.8,24.13,244.2,69,0,43.6,33.6,0,New,6.2,-10.0,-22.93577981651376,Flop
CS-0003,Distant Letter of the North,Series,Romance,Telugu,India,Liam Iyer,4,2016,2020-08-29,300.0,12,U/A 16+,7.7,26.77,107.08,80,2,63.6,56.6,1016,Popular,6.9,-7.0,-11.0062893081761,Flop
CS-0004,Light Whispering,Series,Animation,English,Australia,Min-jun Khan,5,2020,2020-02-16,,40,U/A 7+,5.6,8.67,111.27,55,0,44.3,8.6,0,Trending,6.6,-35.699999999999996,-80.58690744920993,Flop
CS-0005,Game Quiet III,Stand-Up,Comedy,Hindi,India,Yuki Yilmaz,13,2017,2021-04-20,87.0,1,U/A 13+,5.5,7.01,5.29,52,0,1.7,10.6,1976,Classic,4.8,8.9,523.5294117647059,Break-even
CS-0006,Voyage Quiet of the Lost,Movie,Action,Tamil,India,Anand Iyer,6,2021,2020-05-07,109.0,1,U,5.8,9.02,9.83,60,0,39.9,5.4,1944,Popular,5.9,-34.5,-86.46616541353383,Flop
CS-0007,Hour Silent II,Movie,Animation,Turkish,Turkey,Anand Tanaka,7,2022,2022-09-10,146.0,1,U/A 13+,8.1,32.08,49.96,64,1,27.5,31.3,2090,Classic,6.8,3.8000000000000007,13.818181818181822,Break-even
CS-0008,Eternal Mountain: Reborn,Series,Kids,Telugu,India,Various,3,2023,2021-11-06,800.0,16,U/A 16+,8.3,38.39,327.59,64,4,8.0,74.5,5696,Popular,9.2,66.5,831.25,Hit
CS-0009,Mirror Sacred of the North,Stand-Up,Sci-Fi,Hindi,India,Aylin Menon,10,2016,2021-04-09,75.0,1,U/A 7+,7.4,28.13,28.13,80,0,0.8,52.9,4292,Trending,5.9,52.1,6512.5,Hit
CS-0010,City Quiet,Movie,Action,Bengali,India,Sanjay Sharma,3,2017,2020-09-17,88.0,1,U/A 7+,5.0,14.98,8.13,37,0,61.0,32.5,0,New,3.9,-28.5,-46.72131147540984,Flop
CS-0011,Broken Shadow,Movie,Thriller,English,UK,Sanjay Tanaka,11,2024,2021-10-29,118.0,1,U/A 13+,7.2,13.75,15.95,59,0,18.2,19.6,0,Classic,7.3,1.4000000000000021,7.692307692307704,Break-even
CS-0012,Storm Eternal,Movie,Reality,Bengali,India,Liam Sato,3,2023,2020-05-06,126.0,1,U/A 16+,6.6,3.59,4.15,55,1,0.5,4.0,2693,Trending,6.6,3.5,700.0,Break-even
CS-0013,Verdict Forbidden of the North,Movie,Romance,Tamil,India,Karan Iyer,13,2023,2024-07-11,146.0,1,U/A 13+,7.0,24.74,47.56,79,0,67.7,22.9,734,New,5.8,-44.800000000000004,-66.17429837518463,Flop
CS-0014,Storm Whispering,Series,Comedy,English,UK,Various,14,2022,2021-03-25,528.0,24,U/A 13+,7.5,0.2,1.14,65,2,44.5,3.3,1487,Popular,7.1,-41.2,-92.58426966292136,Flop
CS-0015,Forbidden Verdict,Movie,Action,Hindi,India,Hyun Garcia,10,2018,2024-11-29,98.0,1,U,6.7,30.43,32.8,66,2,49.5,54.2,0,Classic,5.4,4.700000000000003,9.4949494949495,Break-even
CS-0016,Hidden Cipher,Documentary,Action,Korean,South Korea,Mira Pillai,7,2016,2023-05-30,64.0,1,U/A 13+,7.8,20.68,14.34,65,3,9.8,47.2,0,Classic,7.3,37.400000000000006,381.6326530612245,Hit
CS-0017,Broken Light: Reborn,Movie,Comedy,English,USA,Hyun Patel,14,2019,2020-03-16,86.0,1,U,4.0,0.2,0.1,36,0,10.8,0.3,0,Classic,1.7,-10.5,-97.22222222222221,Flop
CS-0018,Sacred Empire of the Lost,Series,Drama,Hindi,India,Various,8,2019,2022-06-01,176.0,8,U/A 16+,6.3,3.84,7.43,66,2,52.6,9.6,3517,Popular,6.2,-43.0,-81.74904942965779,Flop
CS-0019,Golden Shadow: Origins,Movie,Drama,English,USA,Hyun Bose,13,2022,2021-07-25,149.0,1,U/A 16+,7.0,28.84,55.86,78,2,49.4,38.5,5842,Popular,6.4,-10.899999999999999,-22.06477732793522,Flop
CS-0020,Hour Crimson II,Movie,Reality,Malayalam,India,Akira Yilmaz,6,2015,2024-08-16,150.0,1,U/A 16+,6.7,11.72,10.55,36,1,51.4,18.0,4942,Classic,4.8,-33.4,-64.98054474708171,Flop
CS-0021,Bright Hunter,Movie,Drama,Malayalam,India,Emre Menon,6,2018,2022-09-29,118.0,1,U,7.5,5.3,4.9,47,2,31.5,12.4,3014,Popular,7.9,-19.1,-60.63492063492064,Flop
CS-0022,Shattered Light III,Series,Reality,Malayalam,India,Asha Tanaka,7,2018,2020-06-07,560.0,16,U/A 13+,7.4,17.11,81.44,51,1,58.0,13.4,3297,Classic,8.6,-44.6,-76.89655172413794,Flop
CS-0023,Hidden Hour of Stone,Movie,Animation,Hindi,India,Mira Jones,6,2023,2022-07-09,119.0,1,U/A 13+,9.2,18.95,28.19,75,5,34.8,29.8,4503,Classic,8.4,-4.9999999999999964,-14.367816091954014,Flop
CS-0024,Distant Game,Movie,Romance,Bengali,India,Asha Khan,8,2021,2021-12-05,133.0,1,U/A 13+,6.3,11.05,13.47,55,0,1.5,8.8,5573,Classic,5.3,7.300000000000001,486.66666666666674,Break-even
CS-0025,Dark Cipher,Documentary,Romance,Hindi,India,Arjun Iyer,3,2019,2023-07-24,75.0,1,A,6.1,12.32,8.93,58,0,8.9,22.4,2014,New,6.7,13.499999999999998,151.68539325842693,Break-even
CS-0026,Light Distant,Movie,Kids,Hindi,India,Carla Pillai,4,2022,2022-04-29,128.0,1,U/A 13+,6.0,8.53,13.47,74,0,20.4,8.4,0,Popular,5.9,-11.999999999999998,-58.823529411764696,Flop
CS-0027,Midnight Mirror: Origins,Movie,Kids,Hindi,India,Priya Lee,7,2016,2020-12-23,128.0,1,U/A 16+,6.6,19.55,25.02,60,0,70.1,23.7,3192,Classic,6.5,-46.39999999999999,-66.19115549215407,Flop
CS-0028,Shadow Hidden of Stone,Movie,Thriller,English,Australia,Hyun Park,10,2021,2021-10-01,87.0,1,U/A 7+,7.8,7.68,8.13,73,3,0.5,15.1,9432,Classic,8.5,14.6,2920.0,Break-even
CS-0029,River Whispering of Stone,Series,Animation,Hindi,India,Various,7,2015,2020-01-03,600.0,24,U/A 16+,8.7,28.17,236.63,84,3,28.3,55.8,5301,Trending,7.7,27.499999999999996,97.17314487632507,Hit
CS-0030,Cipher Midnight: Reborn,Series,Thriller,Tamil,India,Various,3,2018,2023-01-25,360.0,8,U/A 16+,9.5,29.41,130.58,74,3,60.5,41.9,6816,Classic,10.0,-18.6,-30.743801652892564,Flop
CS-0031,Golden City III,Series,Action,Hindi,India,Various,9,2018,2021-09-30,600.0,24,U/A 13+,7.3,30.11,159.58,53,4,40.7,34.8,3733,New,5.8,-5.900000000000006,-14.496314496314508,Flop
CS-0032,Last Echo III,Movie,Sci-Fi,Bengali,India,Mira Sharma,4,2016,2020-12-05,127.0,1,U/A 7+,4.7,0.2,0.15,36,0,38.1,0.4,3399,New,1.9,-37.7,-98.95013123359581,Flop
CS-0033,Broken Voyage,Movie,Romance,Korean,South Korea,James Kumar,10,2021,2020-06-28,91.0,1,U/A 16+,7.5,27.42,21.63,52,2,33.4,47.2,1142,Popular,6.5,13.800000000000004,41.31736526946109,Break-even
CS-0034,Letter Sacred,Movie,Reality,Hindi,India,James Khan,9,2020,2021-07-18,123.0,1,U,6.2,10.83,6.44,29,0,3.7,6.9,2173,Classic,7.0,3.2,86.48648648648648,Break-even
CS-0035,City Golden,Series,Comedy,Telugu,India,Various,4,2020,2024-10-29,350.0,10,U/A 16+,5.9,2.98,8.34,48,0,23.7,4.1,3356,New,6.2,-19.6,-82.70042194092828,Flop
CS-0036,Mirror Eternal of Sound,Movie,Horror,Tamil,India,Neha Pillai,6,2018,2024-03-11,153.0,1,U/A 16+,8.0,18.92,28.47,59,3,22.7,33.0,1794,Popular,8.9,10.3,45.374449339207054,Break-even
CS-0037,Quiet Cipher: Origins,Stand-Up,Kids,Telugu,India,Akira Menon,4,2016,2023-08-31,74.0,1,A,8.0,26.44,24.13,74,0,3.4,28.3,4343,Popular,8.7,24.900000000000002,732.3529411764706,Hit
CS-0038,Game The: Reborn,Movie,Reality,Kannada,India,Diego Jones,5,2020,2021-03-21,89.0,1,U/A 13+,9.7,34.61,40.56,79,5,58.7,64.4,7435,Popular,9.5,5.700000000000003,9.710391822827944,Break-even
CS-0039,Hidden Bridge of Sound,Movie,Horror,Malayalam,India,Riya Yilmaz,6,2017,2023-08-02,153.0,1,U,7.9,30.97,44.23,56,3,19.7,38.6,10383,New,7.0,18.900000000000002,95.93908629441626,Break-even
CS-0040,Bridge Silent III,Series,Horror,Telugu,India,Various,11,2020,2022-08-01,600.0,24,U,7.9,9.55,56.34,59,3,53.0,19.7,2387,Popular,8.5,-33.3,-62.83018867924528,Flop
CS-0041,Last Hour: Origins,Movie,Reality,Spanish,Spain,Kavya Brown,8,2021,2020-06-25,164.0,1,U/A 16+,8.2,14.97,31.1,76,1,26.3,21.8,3829,New,10.0,-4.5,-17.110266159695815,Flop
CS-0042,Endless Game: Origins,Movie,Sci-Fi,Hindi,India,Anand Lopez,10,2024,2022-07-22,155.0,1,U/A 16+,7.7,21.23,25.23,46,2,47.4,29.0,2229,Popular,8.3,-18.4,-38.81856540084388,Flop
CS-0043,Hour Quiet of Sound,Movie,Comedy,English,Canada,Sanjay Sharma,4,2016,2024-07-01,141.0,1,U/A 13+,6.8,11.88,21.5,77,3,24.1,13.1,6470,Classic,7.6,-11.000000000000002,-45.643153526970956,Flop
CS-0044,Distant Light: Origins,Stand-Up,Comedy,Kannada,India,Akira Khan,12,2018,2020-05-14,67.0,1,U/A 16+,6.0,8.9,6.46,65,0,0.9,11.8,1402,New,8.3,10.9,1211.111111111111,Break-even
CS-0045,Whispering Cipher,Series,Horror,Hindi,India,Various,8,2019,2020-08-23,528.0,24,U/A 16+,5.6,19.14,64.0,38,0,70.4,41.9,262,Classic,3.9,-28.500000000000007,-40.482954545454554,Flop
CS-0046,Frozen City of Sound,Stand-Up,Romance,Korean,South Korea,Sophia Tanaka,8,2019,2021-09-27,85.0,1,A,8.2,34.8,22.18,45,4,1.5,68.5,5445,Classic,8.7,67.0,4466.666666666666,Hit
CS-0047,Last Promise of the Lost,Series,Romance,Hindi,India,Vikram Brown,15,2020,2022-12-29,400.0,8,U/A 13+,7.7,24.89,109.52,66,1,113.7,44.6,4647,New,7.9,-69.1,-60.77396657871591,Flop
CS-0048,Verdict Whispering of Stone,Series,Reality,Japanese,Japan,Various,6,2022,2021-05-23,176.0,8,U,7.2,8.19,13.93,58,1,70.4,16.6,6519,Classic,7.0,-53.800000000000004,-76.42045454545455,Flop
CS-0049,Echo Forbidden III,Movie,Romance,Malayalam,India,Emre Khan,14,2022,2024-01-05,153.0,1,U,8.0,10.03,11.51,45,3,23.0,12.2,5106,Popular,8.6,-10.8,-46.95652173913044,Flop
CS-0050,Heir Lost of the Lost,Movie,Thriller,Hindi,India,Carla Sato,10,2023,2020-02-01,106.0,1,U/A 13+,7.2,17.35,24.52,80,3,25.1,24.0,5066,Popular,6.3,-1.1000000000000014,-4.382470119521917,Flop
CS-0051,Wild Witness,Documentary,Thriller,English,USA,Rohan Garcia,15,2024,2020-12-17,62.0,1,U,9.0,38.43,26.21,66,5,11.4,73.1,6438,Classic,8.2,61.699999999999996,541.2280701754386,Hit
CS-0052,Quiet River of the Lost,Movie,Thriller,Hindi,India,Vikram Sharma,8,2015,2024-10-02,166.0,1,U,5.3,4.9,4.61,34,0,36.3,9.1,0,Popular,4.3,-27.199999999999996,-74.93112947658402,Flop
CS-0053,Verdict Forbidden II,Movie,Romance,Telugu,India,Hyun Menon,7,2015,2024-06-03,137.0,1,U,6.5,11.58,14.01,53,0,9.7,22.3,745,New,6.0,12.600000000000001,129.89690721649487,Break-even
CS-0054,Eternal Hour of Sound,Series,Kids,English,UK,Various,9,2019,2024-07-27,440.0,8,U/A 13+,,31.14,203.24,89,3,25.4,72.6,3810,Popular,7.6,47.199999999999996,185.82677165354332,Hit
CS-0055,Broken Light of the Lost,Movie,Kids,Tamil,India,Emre Smith,5,2021,2024-12-15,165.0,1,U/A 13+,5.7,9.6,14.26,54,0,25.2,10.8,0,Popular,6.2,-14.399999999999999,-57.14285714285714,Flop
CS-0056,Bright Diary: Origins,Documentary,Thriller,Tamil,India,Mira Pillai,13,2019,2021-09-09,234.0,6,U/A 16+,5.6,19.26,36.81,49,0,7.2,18.8,2914,Classic,5.1,11.600000000000001,161.11111111111111,Break-even
CS-0057,Bridge Lost: Reborn,Movie,Action,English,Australia,Sophia Garcia,12,2022,2020-03-10,86.0,1,U/A 13+,7.4,5.5,3.55,45,2,25.6,11.6,3960,New,7.0,-14.000000000000002,-54.6875,Flop
CS-0058,Diary Burning of the Lost,Documentary,Comedy,Malayalam,India,Yuki Kim,11,2022,2022-06-04,76.0,1,U/A 16+,4.6,7.42,5.17,55,0,2.3,11.9,0,New,5.3,9.600000000000001,417.3913043478262,Break-even
CS-0059,The Voyage of the Lost,Series,Action,Hindi,India,Various,13,2023,2021-03-22,200.0,8,U/A 13+,8.2,28.41,44.51,47,2,17.3,57.7,4754,New,5.8,40.400000000000006,233.5260115606937,Hit
CS-0060,Last Cipher of the North,Movie,Horror,Hindi,India,James Park,6,2016,2022-05-07,138.0,1,U/A 16+,8.4,18.61,22.26,52,4,44.4,29.1,11636,Classic,7.3,-15.299999999999997,-34.45945945945945,Flop
CS-0061,Whispering Hunter of the Lost,Series,Comedy,English,Australia,Various,6,2022,2021-08-25,,24,U/A 7+,7.5,11.52,172.34,68,1,43.7,16.3,5184,Popular,8.8,-27.400000000000002,-62.70022883295194,Flop
CS-0062,Game Sacred of the North,Movie,Romance,Korean,South Korea,Vikram Lopez,4,2015,2020-06-23,157.0,1,A,7.0,15.93,22.09,53,2,13.4,12.9,9267,Classic,6.9,-0.5,-3.731343283582089,Flop
CS-0063,Crimson Shadow of Sound,Documentary,Kids,Hindi,India,Sophia Joshi,5,2024,2024-05-19,102.0,1,A,5.5,2.58,2.11,48,0,10.5,5.0,1755,Classic,5.6,-5.5,-52.38095238095239,Flop
CS-0064,Crown Distant,Movie,Reality,Korean,South Korea,Carla Yilmaz,3,2015,2020-11-24,126.0,1,U/A 13+,7.4,6.47,7.47,55,2,20.7,11.2,4611,Classic,7.0,-9.5,-45.893719806763286,Flop
CS-0065,River Forbidden II,Movie,Comedy,Hindi,India,Asha Jones,10,2021,2023-07-04,101.0,1,U/A 13+,7.7,13.37,11.03,49,2,36.6,20.3,2451,New,5.6,-16.3,-44.53551912568306,Flop
CS-0066,Broken Diary of Stone,Movie,Action,English,Canada,Priya Menon,10,2019,2020-09-18,160.0,1,A,6.3,33.73,69.26,77,0,48.2,42.2,0,Popular,5.5,-6.0,-12.448132780082986,Flop
CS-0067,Verdict Crimson of Stone,Series,Reality,Spanish,Spain,Vikram Patel,5,2016,2021-03-11,330.0,6,U/A 13+,7.0,11.31,37.95,61,1,70.2,20.2,0,Popular,7.5,-50.0,-71.22507122507122,Flop
CS-0068,Last Hour of the Lost,Series,Drama,Korean,South Korea,Arjun Bose,13,2021,2023-03-24,720.0,16,U/A 13+,5.3,12.69,79.19,52,0,21.4,27.5,0,Popular,5.2,6.100000000000001,28.504672897196272,Break-even
CS-0069,Garden Broken,Documentary,Comedy,Tamil,India,Diego Khan,3,2019,2024-01-13,252.0,6,U/A 13+,6.9,0.2,0.39,46,2,9.1,3.4,1536,Popular,5.5,-5.699999999999999,-62.637362637362635,Flop
CS-0070,Verdict Hidden of the Lost,Movie,Romance,Bengali,India,Kavya Yilmaz,15,2017,2024-10-29,147.0,1,U/A 16+,6.5,4.11,8.46,84,0,15.5,3.6,3500,Classic,6.1,-11.9,-76.7741935483871,Flop
CS-0071,Witness Midnight: Reborn,Movie,Drama,Malayalam,India,Liam Patel,14,2024,2021-11-11,162.0,1,U/A 16+,7.6,19.05,36.0,70,1,48.0,24.7,3774,Popular,7.4,-23.3,-48.541666666666664,Flop
CS-0072,Empire Golden of the North,Series,Reality,Hindi,India,Liam Menon,7,2023,2023-11-03,,24,U/A 13+,6.2,18.94,214.78,63,0,40.8,34.1,3611,Classic,5.6,-6.699999999999996,-16.421568627450974,Flop
CS-0073,Sacred Garden of Stone,Movie,Reality,Telugu,India,Neha Kumar,10,2019,2024-12-17,151.0,1,U/A 13+,6.3,10.59,15.19,57,0,40.0,16.1,92,Popular,6.4,-23.9,-59.74999999999999,Flop
CS-0074,Frozen Promise,Movie,Kids,Telugu,India,Yuki Bose,7,2016,2020-03-09,111.0,1,A,4.9,8.55,6.17,39,0,29.4,15.8,0,Classic,5.7,-13.599999999999998,-46.25850340136054,Flop
CS-0075,Last Empire III,Series,Animation,Tamil,India,Various,14,2016,2024-11-02,720.0,16,A,6.9,11.06,73.0,55,2,117.1,18.6,5949,Popular,7.2,-98.5,-84.11614005123826,Flop
CS-0076,Endless Promise II,Series,Drama,English,Australia,Kavya Park,6,2015,2020-07-25,176.0,8,A,6.1,6.61,8.92,46,0,32.5,5.1,839,Popular,6.5,-27.4,-84.3076923076923,Flop
CS-0077,Shadow Last of Sound,Movie,Thriller,Hindi,India,Carla Jones,5,2024,2024-11-10,132.0,1,A,7.8,26.5,50.14,86,4,48.5,41.1,1468,Popular,8.0,-7.399999999999999,-15.257731958762882,Flop
CS-0078,Crimson Mirror of Sound,Documentary,Romance,English,UK,Diego Menon,11,2017,2020-02-22,96.0,1,U/A 16+,5.9,5.94,5.7,60,0,10.2,12.1,6621,Trending,7.4,1.9000000000000004,18.62745098039216,Break-even
CS-0079,Bridge Lost: Origins,Stand-Up,Thriller,Hindi,India,Kavya Jones,9,2019,2022-05-01,55.0,1,U,6.9,7.8,4.36,61,1,3.5,7.9,774,Trending,7.2,4.4,125.71428571428574,Break-even
CS-0080,Eternal Heir,Series,Comedy,Hindi,India,Hyun Kim,14,2016,2024-08-24,300.0,6,U/A 16+,5.8,8.15,18.75,46,0,93.9,13.1,2027,Trending,6.3,-80.80000000000001,-86.04898828541002,Flop
CS-0081,Hour Hidden: Reborn,Movie,Animation,Hindi,India,Neha Smith,15,2019,2021-05-23,108.0,1,U/A 16+,7.3,16.6,16.73,56,0,45.3,34.7,1757,Classic,7.8,-10.599999999999994,-23.399558498896237,Flop
CS-0082,Silent City,Movie,Kids,Hindi,India,Emre Menon,7,2023,2020-10-02,87.0,1,U/A 13+,7.4,26.84,27.24,70,2,48.2,43.0,4290,Classic,7.0,-5.200000000000003,-10.788381742738594,Flop
CS-0083,Bright River of Stone,Movie,Action,Kannada,India,James Pillai,3,2015,2021-07-13,100.0,1,U/A 13+,5.4,0.2,0.19,56,0,51.3,0.2,0,Popular,4.6,-51.099999999999994,-99.6101364522417,Flop
CS-0084,Quiet Empire of the North,Series,Sci-Fi,English,Canada,Various,11,2021,2024-09-22,,40,U/A 16+,5.9,9.93,118.17,51,0,51.8,20.8,1441,Classic,6.6,-30.999999999999996,-59.84555984555983,Flop
CS-0085,Crimson Bridge of the Lost,Stand-Up,Animation,Malayalam,India,Mira Patel,8,2015,2020-03-11,86.0,1,U/A 16+,8.3,17.29,12.64,51,1,3.7,15.2,5344,Trending,8.0,11.5,310.8108108108108,Break-even
CS-0086,Garden Bright of Stone,Series,Comedy,Tamil,India,Riya Park,11,2023,2020-09-26,,40,U/A 16+,7.3,14.83,355.92,80,1,35.4,21.2,2967,Popular,6.3,-14.2,-40.11299435028249,Flop
CS-0087,Wild Shadow,Movie,Horror,Japanese,Japan,Riya Park,13,2021,2020-01-25,130.0,1,U/A 7+,7.9,18.3,23.79,60,3,43.8,17.1,3289,Trending,6.3,-26.699999999999996,-60.95890410958904,Flop
CS-0088,Shattered City,Documentary,Horror,English,Canada,Carla Bose,9,2017,2023-10-15,99.0,1,U/A 16+,6.5,9.44,12.46,80,2,15.5,22.6,4302,Classic,6.2,7.100000000000001,45.80645161290324,Break-even
CS-0089,Quiet Witness of the North,Movie,Romance,Spanish,Spain,James Park,7,2024,2020-08-15,133.0,1,A,6.7,7.03,7.95,51,1,11.8,13.0,2056,Trending,6.3,1.1999999999999993,10.169491525423723,Break-even
CS-0090,Wild Garden of the North,Series,Sci-Fi,English,UK,Sophia Brown,10,2020,2021-02-22,880.0,40,U,3.7,0.2,2.02,69,0,95.4,0.2,0,Classic,2.7,-95.2,-99.79035639412997,Flop
CS-0091,Heir Wild,Movie,Sci-Fi,Tamil,India,Rohan Patel,11,2023,2023-03-21,104.0,1,A,8.2,20.15,17.46,50,3,51.0,33.7,4905,Classic,8.3,-17.299999999999997,-33.921568627450974,Flop
CS-0092,Heir Dark II,Series,Kids,English,UK,Anand Patel,9,2023,2021-01-20,220.0,10,U/A 16+,7.8,13.85,28.95,57,4,58.3,15.2,574,Popular,8.4,-43.099999999999994,-73.9279588336192,Flop
CS-0093,Endless Witness: Origins,Movie,Kids,Tamil,India,Priya Yilmaz,3,2017,2023-03-22,110.0,1,U/A 13+,7.5,21.23,24.13,62,1,43.7,32.0,4819,Classic,5.8,-11.700000000000003,-26.773455377574372,Flop
CS-0094,Eternal Empire: Origins,Movie,Action,Korean,South Korea,Neha Kumar,5,2024,2020-05-09,129.0,1,U/A 7+,5.7,6.07,6.66,51,0,52.3,11.1,1904,Popular,5.5,-41.199999999999996,-78.77629063097514,Flop
CS-0095,Frozen Cipher of Sound,Stand-Up,Animation,Turkish,Turkey,Asha Brown,11,2016,2021-05-12,88.0,1,U/A 13+,6.8,8.25,6.05,50,3,0.5,12.7,3200,Popular,6.1,12.2,2440.0,Break-even
CS-0096,Hidden River II,Movie,Sci-Fi,Telugu,India,Sanjay Sato,10,2021,2021-01-26,144.0,1,U/A 13+,7.5,18.17,28.35,65,1,21.3,16.9,3593,Popular,6.8,-4.400000000000002,-20.657276995305175,Flop
CS-0097,Quiet Voyage II,Series,Reality,Hindi,India,Rohan Sato,7,2022,2022-10-30,360.0,8,U/A 16+,10.0,22.99,88.28,64,5,97.0,36.2,7489,New,10.0,-60.8,-62.68041237113402,Flop
CS-0098,The Voyage of the North,Series,Comedy,Korean,South Korea,Various,8,2018,2021-10-19,176.0,8,U,8.3,35.2,56.79,55,3,40.4,66.1,6987,Classic,8.4,25.699999999999996,63.6138613861386,Hit
CS-0099,Storm Lost of the Lost,Movie,Sci-Fi,Kannada,India,Priya Brown,3,2020,2022-04-24,88.0,1,U/A 16+,6.7,7.46,7.0,64,0,27.4,5.9,1463,Classic,6.2,-21.5,-78.46715328467153,Flop
CS-0100,Last Hunter,Movie,Comedy,Telugu,India,Priya Garcia,12,2018,2023-03-13,148.0,1,U/A 16+,5.3,4.55,7.18,64,0,20.1,2.7,2672,Popular,3.5,-17.400000000000002,-86.56716417910448,Flop
CS-0101,Shadow Sacred,Series,Action,English,Australia,Hyun Bose,10,2024,2024-08-24,400.0,8,U,8.1,18.82,102.88,82,2,56.0,33.2,106,New,9.3,-22.799999999999997,-40.71428571428571,Flop
CS-0102,Endless Echo of Stone,Stand-Up,Thriller,Telugu,India,Hyun Park,5,2018,2020-05-01,55.0,1,U/A 13+,7.6,14.04,8.62,67,2,3.8,27.3,3127,Popular,6.7,23.5,618.421052631579,Hit
CS-0103,Wild Letter,Series,Action,Telugu,India,Various,4,2017,2023-10-18,800.0,16,A,7.6,11.69,104.43,67,4,94.5,13.8,4217,Classic,7.1,-80.7,-85.3968253968254,Flop
CS-0104,Hidden Empire: Reborn,Movie,Animation,Hindi,India,Yuki Yilmaz,14,2020,2024-02-22,157.0,1,U/A 13+,7.5,5.72,5.69,38,0,37.2,6.4,3103,Popular,7.5,-30.800000000000004,-82.79569892473118,Flop
CS-0105,Quiet Storm,Movie,Comedy,Japanese,Japan,Vikram Joshi,3,2023,2024-09-28,172.0,1,U/A 7+,7.4,2.68,4.69,61,1,48.1,4.5,7902,Popular,6.2,-43.6,-90.64449064449065,Flop
CS-0106,Shadow Distant III,Movie,Comedy,Turkish,Turkey,Emre Jones,3,2024,2023-04-05,165.0,1,U,6.7,11.38,15.96,51,0,51.2,8.5,5246,Popular,6.7,-42.7,-83.3984375,Flop
CS-0107,Golden Garden of Stone,Series,Kids,Kannada,India,nan,5,2020,2020-05-08,660.0,12,A,7.8,31.3,216.91,63,2,75.0,50.2,915,New,6.3,-24.799999999999997,-33.06666666666666,Flop
CS-0108,Letter Frozen,Series,Reality,Telugu,India,Various,12,2020,2022-09-11,400.0,16,U/A 13+,6.6,3.38,17.58,78,1,63.4,7.2,1429,Classic,6.4,-56.199999999999996,-88.64353312302839,Flop
CS-0109,Silent Crown of Sound,Movie,Thriller,Telugu,India,Sophia Iyer,15,2016,2021-03-29,117.0,1,U/A 16+,7.6,29.61,34.64,60,1,13.9,52.3,4948,Classic,8.4,38.4,276.2589928057554,Hit
CS-0110,City Forbidden,Movie,Horror,Telugu,India,Asha Roy,14,2018,2023-02-27,145.0,1,U/A 16+,6.2,19.24,33.01,71,1,39.6,24.5,5296,Popular,6.0,-15.100000000000001,-38.131313131313135,Flop
CS-0111,Sacred Echo: Origins,Movie,Sci-Fi,Korean,South Korea,Diego Joshi,7,2015,2024-08-17,117.0,1,U/A 7+,5.7,16.56,22.93,71,0,57.9,12.6,2100,New,5.6,-45.3,-78.23834196891191,Flop
CS-0112,The Hour of the North,Movie,Romance,Hindi,India,Sanjay Lee,11,2023,2021-08-16,172.0,1,U/A 16+,6.5,17.49,21.56,43,0,95.1,31.8,2072,Trending,7.3,-63.3,-66.5615141955836,Flop
CS-0113,Whispering Game,Series,Animation,Japanese,Japan,Karan Sharma,8,2022,2022-03-16,400.0,8,U/A 13+,6.1,17.12,60.49,53,0,45.3,32.7,571,Classic,5.2,-12.599999999999994,-27.81456953642383,Flop
CS-0114,Verdict Last of Sound,Series,Comedy,English,Canada,Carla Roy,8,2016,2022-10-21,,40,U/A 16+,8.1,1.85,25.9,60,3,59.6,7.3,5329,Classic,5.8,-52.300000000000004,-87.75167785234899,Flop
CS-0115,Light Midnight,Series,Kids,Korean,South Korea,Various,13,2018,2021-12-18,,40,U/A 13+,7.9,23.09,406.38,48,6,31.5,31.8,4812,Popular,7.3,0.3000000000000007,0.9523809523809548,Break-even
CS-0116,Witness Hidden: Reborn,Movie,Romance,English,Canada,Olivia Smith,5,2016,2021-01-24,159.0,1,A,7.5,12.13,18.32,57,1,50.6,27.6,2382,Classic,5.7,-23.0,-45.45454545454545,Flop
CS-0117,Crown The,Movie,Horror,Tamil,India,Min-jun Yilmaz,3,2024,2021-08-01,149.0,1,U/A 16+,7.6,30.89,59.83,78,2,63.0,64.8,6322,Popular,7.7,1.7999999999999972,2.8571428571428523,Break-even
CS-0118,Promise Whispering II,Movie,Reality,Kannada,India,Anand Smith,12,2020,2020-12-23,92.0,1,A,7.5,18.98,16.59,57,0,15.3,41.4,0,Classic,8.6,26.099999999999998,170.58823529411762,Hit
CS-0119,The Storm II,Movie,Kids,Bengali,India,Carla Patel,13,2016,2022-01-02,131.0,1,U/A 13+,5.6,4.04,3.18,36,0,22.4,7.2,0,Popular,4.9,-15.2,-67.85714285714286,Flop
CS-0120,Forbidden Cipher: Reborn,Movie,Drama,Telugu,India,Kavya Khan,12,2016,2023-09-04,131.0,1,U/A 7+,5.2,0.2,0.18,42,1,29.6,1.8,2553,Popular,5.8,-27.8,-93.91891891891892,Flop
CS-0121,Sacred Code,Movie,Animation,Hindi,India,Sophia Brown,13,2020,2024-06-27,134.0,1,U/A 13+,5.9,23.87,36.78,69,1,58.1,31.2,2979,Classic,6.8,-26.900000000000002,-46.29948364888124,Flop
CS-0122,Crown Wild: Reborn,Movie,Sci-Fi,Bengali,India,Karan Sharma,10,2019,2021-09-03,148.0,1,U/A 13+,7.5,13.77,20.04,59,3,8.2,18.7,3905,Popular,5.3,10.5,128.0487804878049,Break-even
CS-0123,Bright Shadow of the North,Series,Thriller,Korean,South Korea,Various,5,2020,2020-04-04,,24,U/A 7+,9.3,9.22,116.17,70,5,122.1,13.2,10887,Classic,10.0,-108.89999999999999,-89.1891891891892,Flop
CS-0124,Code Quiet of the Lost,Documentary,Drama,Telugu,India,Olivia Bose,11,2018,2024-06-10,62.0,1,U/A 7+,8.5,15.35,9.2,58,3,2.3,14.9,6090,Popular,8.0,12.600000000000001,547.8260869565219,Break-even
CS-0125,Hunter Forbidden,Stand-Up,Kids,English,Australia,Riya Khan,3,2016,2021-12-16,58.0,1,A,7.8,18.81,14.55,80,3,4.2,44.9,4539,Popular,9.2,40.699999999999996,969.047619047619,Hit
CS-0126,Dark City: Reborn,Series,Horror,Tamil,India,James Joshi,6,2023,,250.0,10,U/A 13+,7.6,12.42,36.74,71,5,144.1,15.1,0,Popular,5.9,-129.0,-89.52116585704373,Flop
CS-0127,Empire Quiet,Series,Sci-Fi,Kannada,India,James Tanaka,7,2022,2023-01-29,720.0,16,A,8.8,25.88,239.13,77,3,0.5,29.7,1468,Classic,8.5,29.2,5840.0,Hit
CS-0128,Game Wild of the Lost,Documentary,Romance,English,Australia,Sanjay Park,5,2020,2022-12-05,300.0,6,U/A 16+,5.9,11.35,30.65,54,0,5.2,10.5,2601,Classic,6.4,5.3,101.92307692307692,Break-even
CS-0129,Sacred Bridge,Movie,Comedy,Kannada,India,Hyun Bose,3,2021,2020-07-29,131.0,1,U/A 13+,7.4,8.23,10.24,57,2,0.5,17.1,8859,New,5.3,16.6,3320.0000000000005,Break-even
CS-0130,Heir Midnight: Origins,Series,Romance,Hindi,India,Various,5,2018,2020-01-02,264.0,12,U/A 16+,7.3,13.31,43.92,75,2,48.5,16.6,733,New,7.5,-31.9,-65.77319587628865,Flop
CS-0131,Code Bright II,Movie,Drama,Kannada,India,Karan Iyer,4,2019,2022-04-15,140.0,1,U/A 16+,7.4,10.48,12.23,50,3,45.2,27.1,2941,Classic,6.1,-18.1,-40.04424778761062,Flop
CS-0132,Diary The of Sound,Movie,Reality,Tamil,India,James Sato,3,2022,2023-12-06,140.0,1,U/A 13+,8.2,5.61,9.16,70,2,42.5,11.0,6528,Classic,6.6,-31.5,-74.11764705882354,Flop
CS-0133,River Hidden III,Movie,Action,Telugu,India,Sophia Kumar,13,2015,2020-07-27,148.0,1,U,7.0,4.69,8.91,77,2,30.1,6.2,252,Classic,5.5,-23.900000000000002,-79.40199335548172,Flop
CS-0134,Endless Cipher,Movie,Action,English,Canada,Priya Menon,11,2019,2023-02-12,135.0,1,U/A 13+,7.7,16.93,24.76,65,1,68.1,33.4,5382,Popular,6.8,-34.699999999999996,-50.95447870778267,Flop
CS-0135,Midnight Shadow of the North,Movie,Kids,Malayalam,India,Emre Park,6,2020,2020-01-18,153.0,1,U,9.0,22.52,44.79,78,4,24.1,27.1,6804,Classic,7.9,3.0,12.448132780082986,Break-even
CS-0136,Crimson Garden of the Lost,Series,Animation,Hindi,India,Arjun Iyer,3,2023,2024-02-18,,24,U/A 13+,6.3,8.34,54.04,36,0,24.9,7.1,2699,New,4.4,-17.799999999999997,-71.4859437751004,Flop
CS-0137,Storm Last of Sound,Documentary,Comedy,Hindi,India,Karan Brown,5,2022,2021-08-24,97.0,1,U/A 16+,6.5,0.2,0.17,54,1,6.7,1.9,1727,Classic,6.5,-4.800000000000001,-71.64179104477613,Flop
CS-0138,Crimson City,Movie,Sci-Fi,Kannada,India,Rohan Menon,10,2016,2020-03-20,130.0,1,U/A 7+,10.0,56.63,68.71,56,7,27.1,70.8,5548,New,10.0,43.699999999999996,161.25461254612543,Hit
CS-0139,Distant Cipher,Series,Thriller,Telugu,India,Various,4,2019,2020-03-07,352.0,16,A,5.5,21.95,64.39,50,0,43.6,21.9,3293,Classic,6.0,-21.700000000000003,-49.77064220183487,Flop
CS-0140,Verdict Quiet,Movie,Drama,Hindi,India,Karan Sharma,13,2024,2020-07-18,137.0,1,U/A 16+,8.7,32.3,59.0,80,3,48.5,58.2,6593,Classic,8.9,9.700000000000003,20.000000000000007,Break-even
CS-0141,Wild River,Movie,Romance,Telugu,India,Neha Roy,3,2016,2021-10-26,144.0,1,U/A 13+,6.7,12.22,16.72,57,3,30.3,31.2,5760,Classic,6.2,0.8999999999999986,2.970297029702966,Break-even
CS-0142,Wild Garden of the North,Series,Comedy,Korean,South Korea,Rohan Lopez,8,2015,2022-05-18,500.0,10,U/A 7+,5.7,3.53,14.71,50,0,42.0,3.5,1546,Classic,4.2,-38.5,-91.66666666666666,Flop
CS-0143,Letter Hidden,Series,Animation,Telugu,India,Rohan Sharma,15,2017,2020-01-23,450.0,10,U/A 16+,8.9,29.24,171.05,78,5,86.7,61.1,9960,Popular,10.0,-25.6,-29.52710495963091,Flop
CS-0144,Verdict Whispering II,Movie,Drama,Korean,South Korea,Priya Park,15,2021,2020-07-08,168.0,1,U/A 16+,6.2,7.42,12.67,61,2,29.4,16.3,4964,Classic,7.3,-13.099999999999998,-44.557823129251695,Flop
CS-0145,Heir Golden of the Lost,Series,Reality,Telugu,India,Various,13,2016,2020-05-19,,40,U/A 16+,7.5,13.15,150.35,49,1,88.2,29.0,1580,Classic,8.6,-59.2,-67.12018140589569,Flop
CS-0146,Crown Whispering III,Series,Sci-Fi,Malayalam,India,Various,10,2021,2024-06-11,350.0,10,U/A 13+,7.5,21.85,80.3,63,2,31.1,37.3,1744,Popular,7.4,6.199999999999996,19.93569131832796,Break-even
CS-0147,Bright Bridge: Reborn,Series,Thriller,Hindi,India,Yuki Menon,5,2015,2022-02-08,600.0,24,U/A 13+,6.7,17.17,109.89,64,2,84.9,39.7,0,Popular,5.5,-45.2,-53.23910482921084,Flop
CS-0148,Mirror Burning,Series,Romance,Bengali,India,nan,14,2016,2023-02-05,,24,U/A 16+,9.0,35.85,609.45,85,4,91.1,57.0,5326,Popular,9.4,-34.099999999999994,-37.43139407244785,Flop
CS-0149,Whispering Hour of the Lost,Movie,Drama,Hindi,India,Akira Garcia,11,2016,2023-02-15,133.0,1,U/A 13+,7.0,0.2,0.25,57,0,50.1,0.2,3486,Classic,7.1,-49.9,-99.60079840319361,Flop
CS-0150,Diary Wild of the Lost,Movie,Kids,Hindi,India,Olivia Kumar,15,2023,2022-04-14,168.0,1,U,6.6,23.47,34.17,52,0,37.1,27.6,4401,Classic,5.8,-9.5,-25.606469002695416,Flop
CS-0151,Forbidden Echo,Series,Drama,Telugu,India,Various,6,2021,2024-05-10,,40,U/A 7+,6.0,26.87,571.44,58,0,46.7,27.3,2167,Popular,3.8,-19.400000000000002,-41.54175588865097,Flop
CS-0152,Letter Last III,Movie,Kids,Tamil,India,Anand Kumar,11,2023,2024-10-02,170.0,1,U/A 13+,8.9,33.47,71.12,75,4,17.8,69.5,6873,New,8.2,51.7,290.4494382022472,Hit
CS-0153,Wild Garden II,Documentary,Action,Bengali,India,Karan Jones,5,2021,2024-09-04,79.0,1,U/A 7+,7.8,31.27,25.94,63,2,2.1,61.3,7176,Classic,6.5,59.199999999999996,2819.047619047619,Hit
CS-0154,Light Crimson III,Movie,Action,Spanish,Spain,Sanjay Joshi,13,2016,2022-10-25,85.0,1,A,7.8,14.61,10.35,50,1,48.0,16.7,6789,Classic,6.0,-31.3,-65.20833333333333,Flop
CS-0155,City Whispering: Reborn,Movie,Romance,Hindi,India,Anand Tanaka,4,2021,2023-06-08,120.0,1,U/A 16+,7.2,5.4,4.75,44,1,47.4,7.8,2122,New,7.2,-39.6,-83.54430379746836,Flop
CS-0156,Storm Bright of Sound,Movie,Drama,Turkish,Turkey,Arjun Sato,15,2024,2023-02-10,161.0,1,U/A 16+,6.7,27.73,47.62,64,1,43.0,46.1,1569,New,7.2,3.1000000000000014,7.209302325581398,Break-even
CS-0157,The Crown of the North,Series,Drama,Korean,South Korea,Vikram Iyer,13,2019,2022-05-18,550.0,10,U/A 13+,7.5,20.08,71.79,39,4,22.6,46.4,5915,Trending,6.3,23.799999999999997,105.30973451327432,Hit
CS-0158,Verdict Bright of the Lost,Movie,Reality,Hindi,India,Aylin Patel,14,2021,2020-12-05,121.0,1,U/A 16+,8.0,36.14,55.39,76,5,38.1,74.9,4601,Popular,6.0,36.800000000000004,96.58792650918636,Hit
CS-0159,Garden Sacred of the North,Movie,Drama,Korean,South Korea,Mira Smith,4,2023,2021-06-24,156.0,1,U/A 13+,7.8,29.49,56.74,74,2,45.4,37.5,4861,Classic,7.9,-7.899999999999999,-17.40088105726872,Flop
CS-0160,Letter Midnight of Sound,Movie,Comedy,Korean,South Korea,Emre Brown,5,2023,2023-02-27,117.0,1,U/A 13+,5.9,9.94,12.21,63,2,40.1,20.3,8037,New,4.7,-19.8,-49.37655860349127,Flop
CS-0161,Burning Hunter,Movie,Drama,Korean,South Korea,Riya Brown,4,2016,2022-08-07,90.0,1,U/A 13+,4.8,0.2,0.17,55,0,16.9,0.4,0,Classic,5.2,-16.5,-97.63313609467457,Flop
CS-0162,Burning Diary of Sound,Series,Animation,Bengali,India,James Iyer,14,2024,2024-01-23,,24,U/A 7+,7.0,5.8,41.76,40,3,57.0,12.3,5542,Popular,5.8,-44.7,-78.42105263157895,Flop
CS-0163,Wild Diary III,Series,Drama,English,UK,Various,14,2015,2020-03-18,540.0,12,U/A 13+,7.7,16.82,75.69,50,0,16.7,17.2,0,Popular,9.1,0.5,2.9940119760479043,Break-even
CS-0164,Silent Heir of the North,Series,Horror,Spanish,Spain,Diego Sharma,11,2015,2020-05-27,,24,U/A 16+,7.2,25.02,340.27,68,0,25.4,36.5,2494,Classic,5.5,11.100000000000001,43.70078740157481,Break-even
CS-0165,Whispering City of Sound,Movie,Horror,Turkish,Turkey,Akira Smith,15,2024,2020-06-25,154.0,1,U/A 13+,6.8,10.72,16.51,60,3,42.6,15.6,2674,Popular,6.2,-27.0,-63.38028169014084,Flop
CS-0166,Verdict Broken of the Lost,Movie,Animation,Turkish,Turkey,Sophia Kumar,5,2024,2023-03-22,168.0,1,U/A 13+,8.2,22.92,28.88,45,3,36.8,20.4,4498,Popular,6.4,-16.4,-44.565217391304344,Flop
CS-0167,Golden Mountain,Movie,Horror,Hindi,India,Riya Smith,3,2022,2020-11-29,168.0,1,U/A 16+,5.5,7.87,11.46,52,0,20.5,4.9,4819,New,4.5,-15.6,-76.09756097560975,Flop
CS-0168,Silent Empire,Series,Sci-Fi,Tamil,India,Rohan Yilmaz,6,2020,2022-01-21,132.0,6,A,8.2,27.42,47.05,78,2,29.8,60.6,393,Classic,9.1,30.8,103.35570469798658,Hit
CS-0169,Silent Echo: Reborn,Series,Reality,Kannada,India,Various,4,2019,2024-03-22,350.0,10,U/A 13+,8.7,27.32,111.56,70,4,102.0,48.2,4970,Classic,7.1,-53.8,-52.74509803921569,Flop
CS-0170,Silent City,Movie,Kids,Kannada,India,Karan Smith,6,2019,2024-04-24,142.0,1,U/A 7+,6.0,14.5,20.59,60,0,49.5,19.0,1464,Classic,5.3,-30.5,-61.61616161616161,Flop
CS-0171,Game Midnight: Origins,Movie,Drama,Korean,South Korea,Priya Iyer,7,2016,2020-07-02,105.0,1,U/A 16+,6.5,6.12,6.1,57,1,1.9,5.7,2854,Popular,7.3,3.8000000000000003,200.00000000000006,Break-even
CS-0172,Eternal Storm II,Movie,Romance,English,UK,Riya Joshi,13,2023,2023-09-20,99.0,1,A,7.8,23.86,23.62,60,2,0.5,18.5,1287,Classic,5.8,18.0,3600.0,Break-even
CS-0173,Mountain Wild,Movie,Animation,Tamil,India,Neha Smith,11,2016,2020-08-13,143.0,1,U/A 16+,5.9,8.8,5.66,27,0,50.6,6.1,7,Popular,5.5,-44.5,-87.94466403162056,Flop
CS-0174,Quiet River: Origins,Movie,Horror,Telugu,India,Carla Smith,4,2018,2022-12-04,106.0,1,U/A 13+,8.2,20.7,25.96,71,1,37.8,45.3,5255,Classic,7.4,7.5,19.841269841269842,Break-even
CS-0175,Hour Distant,Movie,Kids,Hindi,India,Riya Yilmaz,5,2023,2020-02-20,167.0,1,U/A 13+,6.9,4.49,7.5,60,2,14.9,6.7,663,Classic,8.1,-8.2,-55.033557046979865,Flop
CS-0176,Last Light,Movie,Comedy,Korean,South Korea,Emre Lee,13,2019,2024-03-13,125.0,1,U/A 16+,6.4,18.93,20.51,52,0,32.5,40.1,2553,New,7.2,7.600000000000001,23.38461538461539,Break-even
CS-0177,Bright Cipher of Sound,Movie,Sci-Fi,Hindi,India,Sanjay Khan,6,2017,2021-12-03,137.0,1,U/A 16+,8.1,22.71,39.93,77,5,58.9,30.5,4835,New,6.3,-28.4,-48.217317487266556,Flop
CS-0178,Storm Burning,Movie,Drama,Hindi,India,Sophia Roy,3,2021,2020-12-09,95.0,1,U/A 16+,6.3,2.96,2.81,60,1,18.4,7.4,3880,Classic,5.8,-10.999999999999998,-59.78260869565217,Flop
CS-0179,Eternal Storm: Reborn,Movie,Kids,English,Canada,Aylin Khan,13,2023,2023-04-09,99.0,1,U/A 13+,5.6,6.63,5.25,48,0,12.8,8.6,514,New,5.3,-4.200000000000001,-32.81250000000001,Flop
CS-0180,Code Last of the Lost,Series,Animation,Hindi,India,nan,9,2020,2024-06-25,,40,U/A 13+,8.1,16.1,231.84,48,2,44.9,37.4,5183,New,7.1,-7.5,-16.70378619153675,Flop
CS-0181,Mountain Quiet II,Series,Sci-Fi,Hindi,India,Various,15,2018,2023-08-03,280.0,8,U/A 7+,4.7,0.2,0.33,35,0,27.6,0.2,74,New,3.5,-27.400000000000002,-99.27536231884059,Flop
CS-0182,Silent Diary,Series,Kids,Malayalam,India,Yuki Sato,9,2018,2023-12-14,400.0,16,U/A 13+,8.5,30.82,108.9,53,3,69.4,45.4,3345,Trending,6.7,-24.000000000000007,-34.58213256484151,Flop
CS-0183,Garden Wild,Movie,Thriller,Hindi,India,Rohan Khan,5,2018,2020-02-09,88.0,1,U/A 7+,9.7,22.74,26.35,79,6,19.8,37.8,6924,New,9.4,17.999999999999996,90.90909090909088,Break-even
CS-0184,Midnight Letter: Reborn,Movie,Comedy,Hindi,India,Sanjay Menon,15,2023,2024-07-06,91.0,1,U/A 16+,,21.85,16.9,51,2,38.1,27.0,6316,Trending,7.6,-11.100000000000001,-29.13385826771654,Flop
CS-0185,Game Distant: Origins,Series,Comedy,Hindi,India,Arjun Pillai,6,2024,2021-03-17,330.0,6,U/A 13+,7.0,5.56,14.98,49,1,80.2,5.0,3677,New,7.1,-75.2,-93.76558603491272,Flop
CS-0186,Wild Mirror,Series,Romance,English,Canada,Riya Lee,11,2015,2024-05-05,352.0,16,U/A 13+,8.7,22.53,100.45,76,4,97.7,28.4,7888,Classic,8.6,-69.30000000000001,-70.93142272262027,Flop
CS-0187,Distant Garden of the North,Movie,Kids,English,Canada,Min-jun Bose,4,2022,2023-12-29,138.0,1,U/A 16+,6.2,16.48,30.7,81,0,28.9,21.9,1132,Classic,5.9,-7.0,-24.221453287197235,Flop
CS-0188,Game Midnight,Movie,Action,Hindi,India,Neha Pillai,9,2016,2024-01-06,91.0,1,U,7.3,26.86,20.78,51,0,29.9,29.7,5084,New,5.8,-0.1999999999999993,-0.6688963210702318,Flop
CS-0189,Mirror Endless,Movie,Romance,Japanese,Japan,Karan Joshi,3,2021,2022-08-26,113.0,1,A,6.3,6.78,4.72,37,0,34.1,6.2,693,Classic,7.4,-27.900000000000002,-81.81818181818183,Flop
CS-0190,Verdict Midnight,Movie,Sci-Fi,Kannada,India,Vikram Jones,7,2021,2020-04-25,85.0,1,A,8.3,21.77,20.05,65,3,11.2,48.9,7248,Classic,7.7,37.7,336.6071428571429,Hit
CS-0191,Promise Shattered,Movie,Reality,Bengali,India,Karan Kumar,8,2018,2024-07-31,167.0,1,U/A 16+,8.8,25.04,48.09,69,2,34.5,33.3,9551,Classic,9.3,-1.2000000000000028,-3.4782608695652257,Flop
CS-0192,City Shattered,Movie,Drama,Korean,South Korea,Anand Joshi,8,2023,2022-07-22,128.0,1,U/A 13+,8.0,8.08,11.89,69,4,10.9,15.5,5719,Classic,7.9,4.6,42.20183486238532,Break-even
CS-0193,Diary Quiet: Origins,Movie,Animation,Japanese,Japan,Rohan Lee,10,2019,2023-07-31,165.0,1,A,6.1,6.35,7.33,42,2,33.9,16.1,0,New,7.9,-17.799999999999997,-52.50737463126843,Flop
CS-0194,Endless Mountain: Origins,Documentary,Action,Malayalam,India,Emre Lopez,15,2024,2020-03-12,212.0,4,U/A 16+,7.0,19.19,40.68,60,2,10.0,23.4,0,Popular,6.5,13.399999999999999,134.0,Break-even
CS-0195,Whispering Code III,Movie,Horror,Hindi,India,Carla Sato,15,2019,2021-11-04,150.0,1,U/A 16+,7.5,27.28,30.01,44,2,62.3,63.0,8875,New,7.4,0.7000000000000028,1.1235955056179823,Break-even
CS-0196,The Heir,Documentary,Thriller,Tamil,India,Priya Iyer,15,2017,2023-02-20,69.0,1,U/A 7+,6.3,8.96,5.87,57,1,15.8,15.5,2199,Classic,6.7,-0.3000000000000007,-1.8987341772151944,Flop
CS-0197,Wild Heir: Origins,Series,Thriller,Telugu,India,Diego Kim,5,2018,2023-04-14,528.0,24,U/A 16+,6.6,0.36,1.71,54,3,68.8,5.3,2030,New,6.6,-63.5,-92.29651162790698,Flop
CS-0198,Wild Shadow of Stone,Movie,Horror,English,Australia,Akira Lee,10,2019,2021-09-26,105.0,1,U/A 16+,7.2,12.02,13.25,63,1,30.2,14.4,0,Classic,7.8,-15.799999999999999,-52.317880794701985,Flop
CS-0199,Forbidden Echo of the North,Movie,Sci-Fi,Kannada,India,Riya Tanaka,13,2016,2022-04-06,97.0,1,U/A 13+,6.1,12.98,10.7,51,0,55.1,19.7,5839,Trending,6.7,-35.400000000000006,-64.24682395644284,Flop
CS-0200,Endless Diary of the North,Series,Drama,Japanese,Japan,Anand Lopez,8,2017,2023-07-07,450.0,10,U/A 16+,5.6,0.2,0.65,43,0,121.0,0.3,0,Popular,5.7,-120.7,-99.75206611570249,Flop
CS-0201,Mountain Endless of Stone,Movie,Sci-Fi,Malayalam,India,Asha Lee,5,2022,2020-08-26,127.0,1,U/A 13+,5.9,1.83,2.13,55,0,37.0,3.5,477,Classic,7.7,-33.5,-90.54054054054053,Flop
CS-0202,Crimson Storm: Origins,Movie,Thriller,Hindi,India,James Kim,4,2019,2020-09-06,98.0,1,A,7.2,0.2,0.17,52,4,56.3,6.3,4758,Classic,8.5,-50.0,-88.80994671403198,Flop
CS-0203,Empire Hidden,Movie,Action,Hindi,India,Vikram Park,6,2020,2023-12-21,173.0,1,U/A 16+,7.5,21.09,41.96,69,3,13.4,29.3,0,Classic,6.3,15.9,118.65671641791045,Break-even
CS-0204,Crimson Mountain,Series,Drama,Tamil,India,Various,15,2024,,,40,U/A 13+,7.4,18.4,331.2,60,1,62.4,31.2,2147,Popular,6.1,-31.2,-50.0,Flop
CS-0205,Whispering Promise III,Movie,Kids,Japanese,Japan,Arjun Lopez,3,2020,2022-04-28,175.0,1,U/A 16+,5.4,0.2,0.15,26,0,73.7,0.3,0,Popular,4.5,-73.4,-99.59294436906377,Flop
CS-0206,Frozen Letter of Stone,Movie,Kids,Tamil,India,Anand Iyer,12,2019,2024-10-24,95.0,1,U/A 13+,7.6,19.77,18.47,59,1,38.2,26.5,3244,Classic,8.4,-11.700000000000003,-30.628272251308907,Flop
CS-0207,Bridge Bright,Documentary,Romance,Hindi,India,Aylin Yilmaz,15,2022,2023-08-21,66.0,1,U,7.5,12.18,9.51,71,2,10.7,20.2,2185,New,5.5,9.5,88.78504672897198,Break-even
CS-0208,Hour Silent of the Lost,Movie,Comedy,Korean,South Korea,Olivia Sharma,4,2019,2020-04-19,162.0,1,A,6.7,0.49,0.7,53,2,53.3,3.6,2579,Trending,8.2,-49.699999999999996,-93.24577861163228,Flop
CS-0209,Distant Code: Origins,Movie,Romance,English,UK,Yuki Patel,15,2017,2023-08-14,100.0,1,U/A 16+,7.5,12.72,15.9,75,4,40.8,18.2,8717,Popular,7.7,-22.599999999999998,-55.392156862745104,Flop
CS-0210,Dark Hour of Sound,Series,Drama,Bengali,India,Vikram Garcia,8,2018,2023-08-29,600.0,12,A,7.2,20.39,116.22,57,1,25.1,27.0,4133,New,7.4,1.8999999999999986,7.569721115537842,Break-even
CS-0211,Silent Mountain II,Movie,Action,Turkish,Turkey,Diego Jones,10,2017,2022-10-18,159.0,1,U/A 13+,6.3,20.0,34.45,65,2,27.0,45.6,4630,New,4.8,18.6,68.8888888888889,Break-even
CS-0212,Mountain Broken of the Lost,Series,Romance,English,UK,Aylin Sharma,7,2024,2020-05-11,250.0,10,U/A 16+,8.4,26.01,86.7,80,5,98.6,50.9,3013,Classic,6.0,-47.699999999999996,-48.377281947261665,Flop
CS-0213,Code The II,Movie,Sci-Fi,Spanish,Spain,James Sharma,4,2024,2022-12-27,108.0,1,U,7.2,21.01,23.83,63,1,47.6,43.7,2651,New,5.7,-3.8999999999999986,-8.193277310924367,Flop
CS-0214,Dark Mountain: Reborn,Documentary,Drama,Japanese,Japan,Sanjay Roy,12,2015,2022-05-25,312.0,6,U/A 16+,9.6,37.42,173.18,89,4,8.5,82.3,7155,Popular,9.9,73.8,868.235294117647,Hit
CS-0215,Endless Hour of the North,Movie,Kids,Bengali,India,Diego Kumar,10,2015,2021-04-28,139.0,1,U/A 7+,7.1,15.21,24.31,69,0,39.9,23.5,0,New,6.5,-16.4,-41.10275689223057,Flop
CS-0216,Lost Garden,Series,Action,English,USA,Olivia Roy,14,2021,2024-03-25,500.0,10,U/A 16+,7.0,3.49,18.9,65,2,88.2,10.3,5385,Classic,7.4,-77.9,-88.3219954648526,Flop
CS-0217,Last Letter,Movie,Kids,Bengali,India,Diego Patel,8,2018,2022-11-11,136.0,1,U/A 7+,6.4,3.94,4.82,54,0,36.2,3.8,2010,Popular,6.2,-32.400000000000006,-89.50276243093923,Flop
CS-0218,Dark Code: Origins,Series,Action,Hindi,India,Olivia Bose,5,2016,2020-04-26,420.0,12,A,7.4,25.05,122.74,70,1,61.4,43.4,0,Popular,7.2,-18.0,-29.31596091205212,Flop
CS-0219,Witness Last,Series,Action,Hindi,India,Neha Yilmaz,5,2020,2021-05-06,300.0,6,A,6.9,19.26,62.6,65,0,68.3,25.0,1691,Popular,7.4,-43.3,-63.39677891654465,Flop
CS-0220,Wild Promise III,Movie,Sci-Fi,Hindi,India,Asha Tanaka,6,2019,2023-04-23,125.0,1,U/A 16+,8.0,20.93,21.37,49,4,27.4,50.5,5711,New,5.8,23.1,84.3065693430657,Hit
CS-0221,Wild Verdict of Stone,Movie,Kids,Hindi,India,James Sato,7,2015,2022-05-07,140.0,1,U/A 16+,7.5,27.06,37.25,59,4,26.2,44.6,0,Popular,8.3,18.400000000000002,70.2290076335878,Break-even
CS-0222,Shattered Shadow: Reborn,Series,Sci-Fi,Kannada,India,Various,8,2022,2022-01-06,210.0,6,U/A 16+,6.4,12.95,29.46,65,0,17.3,21.8,0,Popular,4.9,4.5,26.011560693641616,Break-even
CS-0223,Light Wild of the Lost,Movie,Animation,Hindi,India,Kavya Pillai,8,2017,2022-09-25,98.0,1,U/A 13+,6.8,22.97,19.51,52,0,55.5,29.9,0,New,5.4,-25.6,-46.126126126126124,Flop
CS-0224,Eternal Empire II,Movie,Thriller,Hindi,India,Emre Jones,4,2020,2022-11-08,100.0,1,U/A 7+,9.7,29.91,43.37,87,9,33.4,78.7,6041,Classic,9.8,45.300000000000004,135.62874251497007,Hit
CS-0225,Shadow The of the North,Series,Reality,Telugu,India,Various,9,2019,2020-07-20,200.0,8,U/A 13+,5.8,2.42,4.19,52,0,40.3,3.8,4419,New,6.0,-36.5,-90.57071960297768,Flop
CS-0226,Crown Whispering II,Documentary,Thriller,English,UK,Yuki Pillai,15,2021,2023-07-21,93.0,1,U/A 16+,7.5,20.35,16.72,53,2,4.4,47.3,6217,Popular,7.5,42.9,974.9999999999998,Hit
CS-0227,River Lost,Series,Animation,Japanese,Japan,Various,11,2016,2021-09-28,300.0,12,U/A 16+,9.2,35.34,125.46,71,4,32.0,79.2,8054,Popular,7.8,47.2,147.5,Hit
CS-0228,Quiet Mountain: Origins,Series,Reality,Telugu,India,Various,3,2024,2021-07-15,176.0,8,U/A 16+,8.3,19.59,24.71,43,1,124.5,33.4,7536,Popular,9.1,-91.1,-73.1726907630522,Flop
CS-0229,Shadow Shattered,Movie,Sci-Fi,English,UK,Arjun Sato,5,2017,2024-06-05,175.0,1,U/A 13+,7.5,11.25,20.34,62,1,43.4,20.5,10083,Classic,6.1,-22.9,-52.764976958525345,Flop
CS-0230,Frozen Echo of the Lost,Series,Sci-Fi,English,UK,Various,5,2022,2024-02-09,400.0,16,U/A 13+,7.0,13.31,59.45,67,3,51.3,32.5,4975,Classic,5.4,-18.799999999999997,-36.64717348927875,Flop
CS-0231,Diary Silent,Movie,Reality,Hindi,India,Kavya Menon,8,2023,2024-01-31,103.0,1,U/A 13+,7.4,13.28,15.5,68,0,71.6,17.3,4225,Classic,6.6,-54.3,-75.83798882681565,Flop
CS-0232,Hidden Promise II,Series,Action,Hindi,India,Various,4,2019,2023-10-07,440.0,8,A,5.7,23.79,47.1,27,0,79.6,25.0,5323,Classic,4.6,-54.599999999999994,-68.5929648241206,Flop
CS-0233,Storm Quiet of the North,Series,Animation,English,Australia,Emre Jones,9,2018,2021-03-27,440.0,8,A,6.4,11.12,44.85,55,0,86.7,20.7,3701,New,5.4,-66.0,-76.12456747404845,Flop
CS-0234,Echo Forbidden of the Lost,Series,Horror,Spanish,Spain,Karan Kim,15,2022,2022-11-03,200.0,8,U/A 16+,8.0,21.08,56.21,80,3,46.3,28.9,6141,New,8.3,-17.4,-37.580993520518355,Flop
CS-0235,Frozen Witness,Series,Comedy,Kannada,India,Various,9,2017,2021-08-21,352.0,16,U/A 16+,6.1,0.2,0.45,38,0,78.6,0.2,1178,New,5.2,-78.39999999999999,-99.74554707379134,Flop
CS-0236,Echo Distant of the North,Series,Thriller,Tamil,India,Yuki Joshi,12,2023,2022-09-22,528.0,24,A,7.0,20.99,92.36,50,2,32.3,19.0,0,Classic,7.5,-13.299999999999997,-41.17647058823529,Flop
CS-0237,Echo Golden,Movie,Kids,Korean,South Korea,Emre Kim,4,2016,2020-05-02,158.0,1,A,7.8,21.69,40.55,71,3,52.4,26.2,5869,Popular,6.6,-26.2,-50.0,Flop
CS-0238,Distant Promise,Stand-Up,Thriller,English,Canada,Olivia Khan,5,2021,2022-04-23,86.0,1,A,7.3,11.4,10.95,67,4,4.6,22.2,1045,Classic,7.4,17.6,382.608695652174,Break-even
CS-0239,Hunter Broken: Origins,Movie,Reality,Spanish,Spain,Aylin Yilmaz,14,2023,2022-11-07,100.0,1,U,5.5,18.1,16.29,54,0,17.7,35.3,0,New,5.8,17.599999999999998,99.43502824858757,Break-even
CS-0240,Promise Quiet,Movie,Sci-Fi,Tamil,India,Rohan Patel,3,2018,2021-11-20,93.0,1,U/A 7+,7.7,16.04,13.43,54,2,20.5,26.6,4620,Classic,6.9,6.100000000000001,29.756097560975615,Break-even
CS-0241,Forbidden City of the North,Movie,Action,Hindi,India,Mira Garcia,3,2022,2021-09-06,147.0,1,A,6.1,15.33,22.16,59,3,24.0,34.1,5016,Popular,5.8,10.100000000000001,42.08333333333334,Break-even
CS-0242,Frozen Cipher,Movie,Reality,Tamil,India,Aylin Iyer,4,2021,2020-10-31,119.0,1,A,6.1,10.37,14.4,70,0,37.3,13.6,3564,New,5.4,-23.699999999999996,-63.53887399463807,Flop
CS-0243,Mountain Crimson,Series,Action,Hindi,India,Min-jun Kim,7,2017,2022-10-28,176.0,8,U/A 16+,5.6,3.05,5.46,61,0,91.7,4.7,400,Popular,6.6,-87.0,-94.87459105779716,Flop
CS-0244,Broken Witness,Series,Romance,Kannada,India,Various,11,2019,2021-01-17,352.0,16,U/A 13+,6.7,7.41,23.04,53,0,102.5,5.5,3533,Popular,5.3,-97.0,-94.6341463414634,Flop
CS-0245,Forbidden Cipher: Origins,Series,Reality,Spanish,Spain,Various,5,2021,2022-08-10,400.0,8,U/A 16+,7.9,27.95,147.2,79,4,83.0,54.2,4757,Popular,6.7,-28.799999999999997,-34.69879518072288,Flop
CS-0246,Whispering Diary,Movie,Horror,Hindi,India,James Bose,11,2018,2022-03-13,135.0,1,U/A 16+,4.6,4.57,6.58,64,0,16.9,4.8,0,Popular,3.5,-12.099999999999998,-71.59763313609466,Flop
CS-0247,Hidden Code,Series,Comedy,Korean,South Korea,Various,5,2019,2024-05-31,420.0,12,U/A 13+,5.7,17.74,81.96,66,0,51.1,15.1,0,New,5.6,-36.0,-70.45009784735812,Flop
CS-0248,Light Golden II,Movie,Thriller,English,USA,Liam Kim,12,2021,2021-03-26,133.0,1,U/A 13+,8.0,10.48,16.49,71,3,27.4,26.6,3062,New,8.1,-0.7999999999999972,-2.91970802919707,Flop
CS-0249,Mountain Burning: Origins,Stand-Up,Action,Bengali,India,Akira Yilmaz,8,2024,2020-02-13,85.0,1,U/A 16+,7.6,7.12,4.24,42,1,4.1,8.8,6526,Popular,7.9,4.700000000000001,114.63414634146345,Break-even
CS-0250,Empire Forbidden of the North,Movie,Action,Hindi,India,Kavya Roy,6,2019,2023-12-17,167.0,1,U/A 13+,8.6,23.32,51.93,80,2,32.1,34.4,453,Classic,7.4,2.299999999999997,7.165109034267904,Break-even
CS-0251,Distant Game: Origins,Movie,Sci-Fi,Turkish,Turkey,Sanjay Kumar,12,2022,2022-09-14,90.0,1,U/A 16+,8.4,42.35,43.83,69,4,31.8,64.0,5578,New,9.1,32.2,101.25786163522012,Hit
CS-0252,Whispering Heir III,Movie,Drama,Telugu,India,Akira Brown,12,2021,2021-02-18,113.0,1,U/A 13+,6.7,16.74,18.29,58,2,41.3,35.4,585,Classic,3.9,-5.899999999999999,-14.285714285714283,Flop
CS-0253,Garden Distant III,Movie,Horror,Hindi,India,Diego Lopez,7,2016,2022-04-08,169.0,1,U/A 7+,6.8,0.2,0.3,54,0,6.2,0.4,0,Classic,8.5,-5.8,-93.54838709677419,Flop
CS-0254,Bright Voyage: Origins,Movie,Reality,Telugu,India,Akira Bose,12,2020,2021-09-20,154.0,1,U/A 13+,7.6,22.3,29.76,52,4,14.6,42.9,0,Classic,8.2,28.299999999999997,193.83561643835614,Hit
CS-0255,Game The,Movie,Drama,Bengali,India,Mira Joshi,10,2018,2020-03-04,167.0,1,U/A 7+,6.9,27.36,52.54,69,0,25.3,50.1,0,Classic,7.7,24.8,98.02371541501977,Hit
CS-0256,Endless Light of Sound,Documentary,Drama,Telugu,India,Min-jun Kumar,12,2022,2020-04-17,70.0,1,U/A 16+,8.5,39.2,30.64,67,2,2.5,47.0,7767,Classic,8.6,44.5,1780.0,Hit
CS-0257,Silent Shadow,Documentary,Comedy,Korean,South Korea,Diego Bose,13,2018,2020-01-03,76.0,1,U,7.2,2.49,1.42,45,0,14.4,4.8,3107,Classic,6.3,-9.600000000000001,-66.66666666666667,Flop
CS-0258,Frozen Mountain of Stone,Documentary,Thriller,Kannada,India,Mira Iyer,8,2015,2023-10-10,72.0,1,U/A 16+,8.5,24.7,16.89,57,4,12.4,51.3,952,Popular,8.6,38.9,313.7096774193548,Hit
CS-0259,Shattered Voyage,Movie,Thriller,Tamil,India,Rohan Patel,9,2015,2024-11-24,137.0,1,U/A 16+,7.8,25.18,39.1,68,4,20.2,39.4,5309,Popular,8.7,19.2,95.04950495049505,Break-even
CS-0260,Broken Diary II,Series,Romance,English,USA,James Smith,9,2016,2022-07-09,270.0,6,A,5.2,3.95,10.67,60,0,81.4,7.2,1805,Classic,5.8,-74.2,-91.15479115479116,Flop
CS-0261,Game Crimson,Movie,Kids,Hindi,India,Anand Khan,11,2020,2022-07-02,144.0,1,U/A 13+,8.3,12.79,15.96,52,2,27.2,15.9,3988,New,9.6,-11.299999999999999,-41.54411764705882,Flop
CS-0262,The Mirror: Origins,Stand-Up,Thriller,Kannada,India,Mira Joshi,4,2016,2020-07-01,85.0,1,A,7.2,17.59,17.94,72,0,4.0,35.6,6773,Popular,6.4,31.6,790.0,Hit
CS-0263,Witness Dark III,Series,Thriller,Japanese,Japan,Various,6,2024,2022-11-04,540.0,12,U/A 13+,3.8,16.26,62.93,43,0,24.1,27.0,0,Classic,4.3,2.8999999999999986,12.03319502074688,Break-even
CS-0264,Hidden Empire of Stone,Series,Comedy,Malayalam,India,Carla Khan,8,2016,2022-02-17,400.0,8,U/A 16+,7.3,15.85,68.68,65,0,45.6,15.2,6356,Trending,7.3,-30.400000000000002,-66.66666666666667,Flop
CS-0265,Bright Code,Documentary,Comedy,Telugu,India,Sophia Yilmaz,14,2021,2024-04-10,222.0,6,U/A 7+,8.6,22.64,42.72,51,3,13.6,26.4,6908,Classic,9.4,12.799999999999999,94.11764705882352,Break-even
CS-0266,Whispering Mountain: Origins,Series,Animation,Telugu,India,Arjun Lee,3,2021,2020-06-18,880.0,40,U/A 16+,7.1,15.75,101.64,44,1,20.4,27.3,603,Classic,6.8,6.900000000000002,33.82352941176472,Break-even
CS-0267,Light Shattered,Series,Comedy,Malayalam,India,Various,9,2022,2024-06-29,,24,U/A 16+,6.7,22.28,338.21,69,3,90.1,18.7,2536,Popular,7.0,-71.39999999999999,-79.24528301886792,Flop
CS-0268,Light Lost,Series,Horror,English,Australia,Various,8,2019,2024-04-15,,24,A,6.6,6.09,96.47,72,2,51.3,8.8,3009,Classic,8.0,-42.5,-82.84600389863547,Flop
CS-0269,Lost Storm,Movie,Action,Malayalam,India,Min-jun Pillai,10,2020,2020-09-01,150.0,1,U/A 7+,7.0,25.51,31.89,50,1,5.2,46.4,2504,Popular,8.2,41.199999999999996,792.3076923076922,Hit
CS-0270,River Wild: Reborn,Documentary,Thriller,Hindi,India,Priya Smith,3,2023,2021-05-02,94.0,1,U/A 16+,6.0,0.2,0.17,55,0,11.2,0.3,1868,New,6.9,-10.899999999999999,-97.32142857142857,Flop
CS-0271,Eternal Diary of Stone,Movie,Reality,Hindi,India,Min-jun Tanaka,4,2021,2020-09-16,123.0,1,U/A 13+,7.1,6.62,9.5,70,1,0.5,9.1,6960,Classic,7.3,8.6,1720.0,Break-even
CS-0272,River Midnight: Origins,Stand-Up,Action,Hindi,India,Karan Patel,11,2023,2024-01-21,86.0,1,U/A 13+,6.5,8.72,5.75,46,0,2.6,18.3,0,New,7.4,15.700000000000001,603.8461538461538,Break-even
CS-0273,Game Burning: Origins,Movie,Action,Japanese,Japan,Hyun Kumar,7,2016,2022-12-18,175.0,1,U/A 16+,7.6,19.73,28.2,49,2,59.0,22.8,2729,Classic,6.2,-36.2,-61.35593220338984,Flop
CS-0274,The Diary: Origins,Series,Reality,English,Australia,Various,15,2021,2022-01-11,880.0,40,U/A 13+,7.8,16.72,122.61,50,4,57.0,31.7,7271,New,5.8,-25.3,-44.3859649122807,Flop
CS-0275,Dark Cipher,Movie,Thriller,Hindi,India,Olivia Lee,13,2020,2023-03-13,97.0,1,A,5.7,6.51,6.42,61,0,50.5,7.2,1334,Popular,5.2,-43.3,-85.74257425742574,Flop
CS-0276,Diary Broken: Reborn,Movie,Reality,Tamil,India,Carla Tanaka,15,2022,2020-12-09,90.0,1,U/A 13+,7.1,22.1,13.59,41,2,33.8,23.7,6469,Classic,7.8,-10.099999999999998,-29.881656804733726,Flop
CS-0277,Diary Lost of the Lost,Series,Animation,Telugu,India,James Lee,10,2021,2023-03-18,210.0,6,U/A 13+,6.0,13.04,20.08,44,0,35.5,15.6,3271,Classic,5.9,-19.9,-56.05633802816901,Flop
CS-0278,Last Code of the North,Movie,Animation,Kannada,India,Riya Roy,8,2015,2021-04-26,170.0,1,U/A 13+,7.1,15.22,34.07,79,2,16.1,21.6,3733,Classic,8.6,5.5,34.161490683229815,Break-even
CS-0279,Empire Dark of Sound,Series,Action,Bengali,India,Various,12,2022,2023-09-25,800.0,16,U/A 7+,7.0,14.05,89.92,48,2,36.7,24.6,0,New,7.1,-12.100000000000001,-32.97002724795641,Flop
CS-0280,City Hidden II,Movie,Reality,Hindi,India,Hyun Khan,7,2019,2022-04-20,164.0,1,U/A 7+,9.3,13.41,26.02,71,3,40.0,17.0,8586,Popular,8.1,-23.0,-57.49999999999999,Flop
CS-0281,Bright Shadow,Documentary,Comedy,Telugu,India,Hyun Smith,13,2022,2020-09-26,106.0,1,U/A 13+,5.5,14.27,10.34,41,0,3.1,29.2,3476,New,5.9,26.099999999999998,841.9354838709676,Hit
CS-0282,Mountain Bright,Movie,Reality,Hindi,India,Asha Sato,10,2017,2023-08-11,128.0,1,A,6.6,13.38,13.7,48,0,9.2,12.0,3570,Popular,6.2,2.8000000000000007,30.43478260869566,Break-even
CS-0283,Game Last: Reborn,Series,Reality,Malayalam,India,Various,15,2016,2023-03-18,150.0,6,U/A 16+,7.3,14.39,15.83,44,0,72.2,21.2,6275,Classic,5.1,-51.0,-70.6371191135734,Flop
CS-0284,Silent City of Stone,Movie,Reality,Malayalam,India,Neha Yilmaz,5,2020,2021-07-31,120.0,1,U/A 13+,7.6,38.39,61.42,80,3,41.5,49.0,5243,Classic,8.3,7.5,18.072289156626507,Break-even
CS-0285,Silent Hunter: Reborn,Movie,Thriller,English,Australia,Aylin Roy,11,2017,2023-02-07,138.0,1,A,6.7,13.66,18.54,59,0,31.0,21.4,3923,Classic,7.0,-9.600000000000001,-30.96774193548388,Flop
CS-0286,Golden Letter,Movie,Animation,Hindi,India,Emre Roy,15,2021,2021-01-04,101.0,1,U/A 13+,7.7,23.86,28.52,71,2,51.8,47.4,886,New,7.2,-4.399999999999999,-8.494208494208493,Flop
CS-0287,Frozen River,Movie,Sci-Fi,English,Australia,Sanjay Park,10,2015,2023-01-07,97.0,1,U/A 7+,6.5,0.2,0.21,64,0,31.0,0.4,3529,Classic,5.6,-30.6,-98.70967741935485,Flop
CS-0288,Midnight Empire of Stone,Movie,Kids,English,Canada,Hyun Patel,11,2023,2023-02-11,160.0,1,U/A 13+,7.7,16.73,39.26,88,2,20.8,15.3,6365,Trending,9.8,-5.5,-26.442307692307693,Flop
CS-0289,Wild River of Stone,Series,Animation,Malayalam,India,Anand Joshi,13,2015,2021-05-02,132.0,6,U/A 16+,7.1,0.2,0.18,42,3,94.7,4.9,7089,Classic,4.5,-89.8,-94.82576557550158,Flop
CS-0290,Crimson Game,Series,Comedy,Telugu,India,Anand Yilmaz,10,2023,2021-11-09,880.0,40,U/A 16+,5.7,19.49,142.93,50,0,47.9,12.0,0,Popular,5.7,-35.9,-74.94780793319416,Flop
CS-0291,Wild Cipher of the North,Series,Action,Tamil,India,Diego Menon,6,2023,2024-09-12,,24,U/A 16+,5.7,5.31,28.67,30,0,80.9,6.8,937,New,3.8,-74.10000000000001,-91.5945611866502,Flop
CS-0292,The Heir: Reborn,Movie,Kids,English,Canada,Anand Lee,5,2024,2023-11-12,165.0,1,U/A 16+,6.9,5.61,9.41,61,1,39.9,9.0,1699,Classic,6.2,-30.9,-77.44360902255639,Flop
CS-0293,The Witness of the North,Movie,Sci-Fi,English,USA,Anand Jones,6,2020,2021-11-07,127.0,1,U/A 16+,8.2,33.22,62.58,89,3,47.4,76.7,2918,Popular,8.1,29.300000000000004,61.81434599156119,Hit
CS-0294,Hidden Hunter: Reborn,Movie,Kids,Malayalam,India,Riya Kumar,12,2016,2023-03-28,156.0,1,A,8.3,38.28,57.73,58,3,67.4,28.6,61,Popular,9.2,-38.800000000000004,-57.566765578635014,Flop
CS-0295,Midnight Garden of Sound,Movie,Romance,English,UK,Yuki Sato,12,2016,2024-02-28,143.0,1,U/A 13+,7.1,20.6,27.0,55,0,49.7,39.4,2416,New,6.9,-10.300000000000004,-20.72434607645876,Flop
CS-0296,Burning Empire,Movie,Animation,English,Australia,Aylin Pillai,14,2021,2024-09-29,160.0,1,U/A 13+,6.2,14.48,27.8,72,0,15.4,11.7,0,Classic,6.4,-3.700000000000001,-24.02597402597403,Flop
CS-0297,Last Bridge II,Movie,Thriller,Telugu,India,Kavya Smith,9,2022,2021-03-04,94.0,1,U/A 16+,7.1,21.34,24.41,73,2,49.2,49.8,5062,Classic,7.1,0.5999999999999943,1.2195121951219396,Break-even
CS-0298,Endless Hour of the Lost,Movie,Thriller,Malayalam,India,Asha Sato,4,2020,2024-10-12,101.0,1,U,5.8,4.11,2.91,42,0,32.5,3.4,3167,Classic,4.6,-29.1,-89.53846153846155,Flop
CS-0299,Frozen Diary II,Series,Thriller,English,Australia,James Iyer,12,2023,2022-10-09,660.0,12,U/A 16+,7.5,22.5,165.83,67,1,73.5,21.5,4470,New,9.2,-52.0,-70.74829931972789,Flop
CS-0300,Storm Broken of Stone,Series,Sci-Fi,English,UK,Various,14,2020,2023-08-23,800.0,16,A,6.5,17.14,187.4,82,3,33.1,35.2,2874,Classic,5.9,2.1000000000000014,6.344410876132935,Break-even
CS-0301,Bridge Bright III,Movie,Drama,Spanish,Spain,Riya Sharma,4,2024,2023-12-04,142.0,1,U/A 7+,9.0,30.31,44.47,62,3,29.7,67.3,8062,New,9.6,37.599999999999994,126.59932659932657,Hit
CS-0302,Silent City,Movie,Action,Korean,South Korea,Aylin Tanaka,9,2016,2021-07-04,86.0,1,U/A 13+,7.1,22.68,16.25,50,0,3.3,28.0,4006,Classic,8.3,24.7,748.4848484848485,Hit
CS-0303,Diary Whispering,Stand-Up,Action,Hindi,India,Karan Kim,6,2018,2021-04-08,56.0,1,U/A 13+,5.2,24.27,14.04,62,0,6.6,33.8,6719,Classic,3.2,27.199999999999996,412.1212121212121,Hit
CS-0304,Midnight City: Reborn,Movie,Thriller,English,Australia,Yuki Tanaka,6,2016,2020-07-05,97.0,1,U/A 7+,6.8,4.88,4.34,55,1,29.3,9.8,3409,Popular,6.6,-19.5,-66.55290102389078,Flop
CS-0305,Midnight Diary II,Movie,Comedy,Tamil,India,Min-jun Bose,4,2023,2022-08-13,92.0,1,A,7.2,21.83,17.41,52,4,23.2,46.7,645,New,5.9,23.500000000000004,101.29310344827589,Hit
CS-0306,Echo Distant,Movie,Kids,English,Australia,Yuki Lee,13,2018,2022-09-17,85.0,1,U/A 16+,5.6,0.4,0.18,31,0,45.3,0.4,2692,Popular,6.2,-44.9,-99.11699779249449,Flop
CS-0307,Hour Crimson of Sound,Movie,Kids,Tamil,India,Mira Pillai,10,2016,2020-01-11,125.0,1,U/A 7+,6.3,9.47,7.69,39,0,9.8,8.6,1329,New,6.5,-1.200000000000001,-12.244897959183684,Flop
CS-0308,Broken Cipher III,Movie,Action,Kannada,India,Aylin Menon,10,2018,2021-06-02,133.0,1,U/A 13+,6.2,1.45,1.99,62,1,64.8,2.7,1084,Classic,5.4,-62.099999999999994,-95.83333333333333,Flop
CS-0309,Distant Mountain,Series,Sci-Fi,Malayalam,India,Akira Kim,11,2016,2021-03-24,300.0,6,U,6.3,1.51,5.66,75,0,82.8,3.2,3435,New,6.9,-79.6,-96.13526570048309,Flop
CS-0310,Whispering Empire of the Lost,Stand-Up,Thriller,Hindi,India,Sophia Khan,14,2024,2022-03-26,73.0,1,A,6.8,5.63,4.38,64,1,2.4,12.0,1057,Popular,6.9,9.6,400.0,Break-even
CS-0311,Forbidden Promise of Sound,Series,Comedy,Telugu,India,Various,5,2019,2021-09-03,270.0,6,U,7.9,14.58,50.52,77,2,55.4,26.2,6705,New,7.3,-29.2,-52.707581227436826,Flop
CS-0312,Promise Crimson of Sound,Movie,Thriller,Spanish,Spain,Priya Bose,11,2018,2022-03-29,127.0,1,U/A 13+,6.7,21.61,25.16,55,0,14.4,35.2,0,Popular,5.3,20.800000000000004,144.44444444444446,Hit
CS-0313,Whispering Hour: Reborn,Movie,Kids,English,Canada,Rohan Roy,15,2023,2021-04-21,113.0,1,U/A 13+,7.8,31.66,21.47,36,1,0.6,70.7,5419,New,7.2,70.10000000000001,11683.333333333336,Hit
CS-0314,Distant Mountain of Sound,Movie,Comedy,Spanish,Spain,Emre Joshi,11,2017,2020-04-12,105.0,1,U/A 16+,6.2,13.02,15.72,69,0,27.5,13.4,4419,Classic,5.9,-14.1,-51.272727272727266,Flop
CS-0315,Last Cipher: Reborn,Documentary,Comedy,Spanish,Spain,Neha Brown,7,2017,2023-06-15,318.0,6,A,7.1,16.42,56.57,65,3,7.7,38.8,4978,Trending,6.3,31.099999999999998,403.89610389610385,Hit
CS-0316,Forbidden Shadow,Documentary,Animation,Hindi,India,Kavya Joshi,14,2020,2022-07-23,93.0,1,U/A 13+,8.1,23.52,25.88,71,4,8.6,49.2,3925,Trending,7.8,40.6,472.093023255814,Hit
CS-0317,Voyage Forbidden,Movie,Drama,Korean,South Korea,Priya Smith,8,2017,2023-01-09,150.0,1,U,6.0,4.82,5.3,44,1,31.8,5.2,357,Trending,5.6,-26.6,-83.64779874213836,Flop
CS-0318,Crown Frozen of Sound,Movie,Thriller,Hindi,India,Mira Smith,6,2017,2020-01-10,163.0,1,U/A 7+,8.6,26.0,34.61,49,4,33.2,28.9,0,Classic,8.0,-4.300000000000004,-12.951807228915674,Flop
CS-0319,Dark Heir of the North,Movie,Action,Hindi,India,Riya Kim,10,2017,2023-08-30,91.0,1,U,7.7,22.98,23.35,67,1,6.9,36.7,9276,Popular,5.6,29.800000000000004,431.88405797101456,Hit
CS-0320,Midnight Witness,Movie,Comedy,Hindi,India,James Lee,6,2023,2021-06-18,125.0,1,U/A 13+,6.1,0.2,0.23,55,0,30.9,0.2,2065,Classic,6.0,-30.7,-99.35275080906149,Flop
CS-0321,Crown Golden of the Lost,Movie,Reality,Hindi,India,Carla Yilmaz,12,2019,2021-11-21,163.0,1,U/A 13+,6.7,8.89,10.63,44,2,25.2,9.8,0,Popular,6.4,-15.399999999999999,-61.11111111111111,Flop
CS-0322,Forbidden Mountain III,Movie,Animation,Hindi,India,Riya Brown,12,2022,2022-03-16,85.0,1,U/A 13+,7.3,20.1,17.09,60,3,37.7,28.1,3613,Popular,7.6,-9.600000000000001,-25.46419098143236,Flop
CS-0323,The Verdict III,Movie,Sci-Fi,Hindi,India,Akira Jones,3,2016,2023-01-21,106.0,1,U/A 7+,9.3,2.9,4.97,97,3,48.7,10.7,6149,New,8.7,-38.0,-78.02874743326488,Flop
CS-0324,Silent Verdict of the North,Series,Comedy,Bengali,India,Various,5,2017,2022-08-07,880.0,16,U/A 16+,6.4,12.34,114.02,63,2,92.4,21.9,490,Classic,6.8,-70.5,-76.2987012987013,Flop
CS-0325,Midnight Cipher,Series,Thriller,Tamil,India,Karan Kumar,14,2019,2022-05-10,500.0,10,U/A 13+,7.7,26.9,136.74,61,2,49.2,30.6,10875,Classic,7.3,-18.6,-37.80487804878049,Flop
CS-0326,Eternal Garden: Origins,Series,Comedy,Malayalam,India,Various,8,2019,2024-10-10,300.0,6,U/A 16+,7.4,13.3,41.9,63,3,45.9,26.9,2281,New,7.6,-19.0,-41.394335511982575,Flop
CS-0327,Verdict Whispering,Movie,Kids,Korean,South Korea,Min-jun Kumar,10,2018,2021-06-05,86.0,1,U/A 13+,6.7,15.65,15.93,71,0,13.1,31.4,2875,Trending,,18.299999999999997,139.69465648854958,Break-even
CS-0328,Frozen Code,Stand-Up,Romance,Telugu,India,Yuki Joshi,4,2018,2020-08-01,51.0,1,U/A 13+,8.3,31.22,19.11,72,5,2.3,44.4,4251,Trending,10.0,42.1,1830.4347826086957,Hit
CS-0329,Sacred Heir III,Series,Sci-Fi,Spanish,Spain,Emre Tanaka,5,2020,2021-03-08,300.0,6,U/A 16+,6.8,11.2,45.36,81,2,37.7,27.2,4924,Popular,6.3,-10.500000000000004,-27.851458885941653,Flop
CS-0330,Code Broken,Movie,Kids,Hindi,India,Kavya Jones,9,2020,2020-05-21,126.0,1,U/A 13+,6.7,12.96,13.61,50,0,37.5,8.9,0,New,6.8,-28.6,-76.26666666666667,Flop
CS-0331,Endless Cipher of Sound,Series,Animation,Turkish,Turkey,Sophia Kim,8,2018,2020-10-26,264.0,12,U/A 16+,6.7,14.36,40.44,64,0,66.8,23.5,2159,Popular,6.3,-43.3,-64.82035928143712,Flop
CS-0332,Crimson Hunter of Stone,Documentary,Thriller,Bengali,India,Asha Joshi,10,2015,2021-12-11,71.0,1,A,8.1,18.96,17.28,77,2,15.6,22.9,3556,Classic,6.9,7.299999999999999,46.79487179487179,Break-even
CS-0333,Golden River III,Movie,Sci-Fi,Hindi,India,Olivia Kim,12,2017,2024-12-20,169.0,1,U/A 16+,7.2,31.48,59.41,67,0,8.5,56.5,4441,Classic,7.2,48.0,564.7058823529412,Hit
CS-0334,Sacred River II,Series,Action,English,USA,Various,9,2020,2021-09-28,500.0,10,A,7.2,32.01,170.72,64,4,84.5,37.4,0,New,8.8,-47.1,-55.739644970414204,Flop
CS-0335,Verdict Midnight: Reborn,Movie,Horror,Telugu,India,Karan Kumar,4,2023,2022-10-07,120.0,1,U/A 13+,6.8,22.1,18.12,41,0,46.9,14.7,0,Trending,6.8,-32.2,-68.65671641791046,Flop
CS-0336,Eternal Heir of the Lost,Movie,Drama,English,UK,Min-jun Kumar,9,2015,2022-11-12,95.0,1,A,6.4,4.13,3.53,54,0,33.6,9.0,1935,Classic,5.8,-24.6,-73.21428571428572,Flop
CS-0337,Game Quiet: Reborn,Documentary,Drama,Telugu,India,Anand Kim,15,2018,2023-01-11,68.0,1,U/A 16+,7.7,28.01,20.95,66,2,13.7,47.3,7397,Classic,6.7,33.599999999999994,245.25547445255472,Hit
CS-0338,Silent Voyage of Sound,Series,Reality,Telugu,India,Min-jun Lopez,6,2018,2020-03-28,400.0,16,U/A 13+,5.9,5.1,18.7,55,0,77.4,6.9,3700,New,5.9,-70.5,-91.08527131782945,Flop
CS-0339,The Game,Movie,Reality,Korean,South Korea,Neha Iyer,5,2022,2022-03-20,122.0,1,U/A 16+,6.2,1.97,2.32,58,0,54.5,1.5,2050,Classic,7.7,-53.0,-97.24770642201835,Flop
CS-0340,Sacred City of the North,Movie,Kids,English,UK,Aylin Lopez,5,2021,2021-01-11,173.0,1,U/A 16+,8.2,23.8,36.37,53,2,29.4,35.7,2601,New,8.9,6.300000000000004,21.428571428571445,Break-even
CS-0341,Echo Broken,Movie,Kids,Turkish,Turkey,Riya Patel,15,2018,2022-07-08,138.0,1,U/A 13+,7.7,13.28,17.1,56,2,7.8,18.7,4572,Classic,7.2,10.899999999999999,139.74358974358972,Break-even
CS-0342,Sacred Storm,Documentary,Action,Tamil,India,Yuki Iyer,15,2015,2023-09-25,92.0,1,U/A 13+,7.0,12.35,10.04,53,3,9.9,28.4,5923,Trending,7.6,18.5,186.86868686868686,Break-even
CS-0343,Frozen Heir of the North,Movie,Comedy,Hindi,India,Hyun Bose,5,2017,2020-05-08,152.0,1,U/A 13+,6.7,21.99,38.44,69,0,33.9,23.0,0,Classic,5.6,-10.899999999999999,-32.15339233038348,Flop
CS-0344,Endless Empire of the Lost,Series,Comedy,Hindi,India,Hyun Iyer,5,2015,2023-11-27,600.0,24,U/A 7+,7.9,19.33,158.51,82,3,85.3,31.7,6359,Popular,8.4,-53.599999999999994,-62.837045720984754,Flop
CS-0345,Eternal Shadow of the Lost,Movie,Thriller,Bengali,India,Emre Garcia,7,2020,2023-06-11,88.0,1,U/A 13+,7.2,5.82,5.38,63,1,46.9,10.9,907,Popular,6.6,-36.0,-76.7590618336887,Flop
CS-0346,Endless Cipher,Series,Sci-Fi,Hindi,India,Various,7,2023,2022-09-03,264.0,12,A,5.9,18.24,60.99,76,0,27.0,15.7,0,Classic,5.9,-11.3,-41.851851851851855,Flop
CS-0347,Code Forbidden of the Lost,Stand-Up,Animation,Kannada,India,Min-jun Menon,10,2019,2022-11-06,80.0,1,U/A 16+,8.8,32.32,32.75,76,3,2.3,69.5,1144,Trending,8.9,67.2,2921.739130434783,Hit
CS-0348,Forbidden Game II,Stand-Up,Reality,Tamil,India,Liam Patel,9,2023,2023-01-07,58.0,1,A,6.3,6.11,3.31,56,0,4.0,4.4,979,New,5.5,0.40000000000000036,10.000000000000009,Break-even
CS-0349,Crimson Empire: Reborn,Movie,Reality,Korean,South Korea,Neha Sato,13,2017,2021-06-10,150.0,1,A,6.2,16.51,28.89,70,0,31.4,10.0,835,Popular,7.4,-21.4,-68.15286624203821,Flop
CS-0350,Garden Last II,Series,Reality,English,Canada,Riya Smith,15,2018,2020-09-18,,40,U/A 13+,8.3,24.35,633.91,71,3,53.8,40.8,7901,Popular,9.0,-13.0,-24.1635687732342,Flop
CS-0351,Frozen Cipher III,Movie,Romance,Malayalam,India,Mira Lee,7,2020,2023-08-28,173.0,1,U/A 7+,6.0,0.2,0.17,29,0,43.8,0.2,0,Classic,4.6,-43.599999999999994,-99.54337899543378,Flop
CS-0352,Burning Game,Documentary,Romance,English,UK,Hyun Sharma,12,2016,2023-01-09,75.0,1,U/A 7+,8.5,12.93,14.06,87,5,0.5,35.8,5046,Popular,8.6,35.3,7059.999999999999,Hit
CS-0353,Heir Midnight,Documentary,Comedy,Hindi,India,Aylin Kumar,12,2016,2024-11-19,216.0,6,U/A 16+,6.2,10.48,19.24,51,0,5.4,8.3,3529,Popular,7.2,2.9000000000000004,53.70370370370371,Break-even
CS-0354,Distant Crown of the Lost,Movie,Thriller,English,UK,Anand Brown,11,2015,2021-11-19,164.0,1,U/A 16+,8.4,12.76,22.67,65,1,36.4,20.0,4680,Popular,9.3,-16.4,-45.05494505494505,Flop
CS-0355,Burning Code of Stone,Series,Animation,Spanish,Spain,Karan Pillai,15,2022,2024-12-09,132.0,6,U/A 16+,6.8,10.15,12.95,58,2,38.8,13.9,5086,Classic,6.4,-24.9,-64.17525773195877,Flop
CS-0356,Letter Crimson,Movie,Reality,English,Canada,Olivia Lee,5,2020,2022-08-07,138.0,1,A,5.9,20.21,20.45,44,0,50.0,12.3,2207,Popular,6.5,-37.7,-75.4,Flop
CS-0357,Letter Lost II,Movie,Thriller,Bengali,India,Rohan Joshi,14,2019,,116.0,1,U/A 16+,,41.79,47.67,59,2,48.5,56.4,6534,Classic,9.2,7.899999999999999,16.288659793814432,Break-even
CS-0358,Last Hunter: Origins,Series,Thriller,Hindi,India,Karan Kumar,3,2017,2020-03-18,880.0,40,U/A 13+,8.2,26.84,251.94,64,4,82.7,56.7,8603,New,8.9,-26.0,-31.43893591293833,Flop
CS-0359,Broken Code: Origins,Series,Comedy,Hindi,India,Sanjay Yilmaz,9,2015,2023-04-26,420.0,12,U/A 7+,4.6,0.2,0.8,57,0,31.9,0.3,0,Popular,4.7,-31.599999999999998,-99.05956112852664,Flop
CS-0360,Shadow Endless of Sound,Movie,Thriller,English,Australia,Liam Pillai,14,2015,2021-03-28,124.0,1,U/A 16+,5.6,9.19,13.29,70,0,55.7,6.8,1210,Classic,5.7,-48.900000000000006,-87.79174147217236,Flop
CS-0361,Eternal Voyage,Series,Romance,Malayalam,India,Carla Brown,4,2023,2023-03-12,800.0,16,U/A 7+,8.5,23.75,193.17,61,3,99.4,46.3,7557,Classic,8.2,-53.10000000000001,-53.420523138833,Flop
CS-0362,Hidden Light II,Movie,Action,Korean,South Korea,Aylin Jones,11,2016,2022-11-09,160.0,1,U/A 16+,8.3,35.35,78.24,83,4,29.0,39.0,6308,New,8.6,10.0,34.48275862068966,Break-even
CS-0363,Last Promise,Movie,Comedy,Hindi,India,Rohan Iyer,12,2019,2023-03-22,152.0,1,U/A 13+,7.1,25.27,40.33,63,2,57.3,47.0,4189,Classic,7.2,-10.299999999999997,-17.975567190226872,Flop
CS-0364,Forbidden Mountain,Documentary,Romance,Kannada,India,Vikram Brown,14,2024,2022-08-16,105.0,1,U/A 13+,5.6,0.2,0.18,51,0,9.1,0.3,3416,New,5.2,-8.799999999999999,-96.70329670329669,Flop
CS-0365,Promise Burning: Origins,Movie,Comedy,English,USA,Karan Bose,3,2015,2024-12-02,96.0,1,U,5.4,21.35,19.13,56,0,8.5,13.8,0,Popular,4.6,5.300000000000001,62.3529411764706,Break-even
CS-0366,Burning Mountain of the Lost,Stand-Up,Romance,Hindi,India,Min-jun Lee,12,2020,2024-03-23,88.0,1,A,6.2,28.67,19.34,46,0,2.2,43.4,3159,New,3.7,41.199999999999996,1872.7272727272723,Hit
CS-0367,The Witness of Sound,Documentary,Thriller,Korean,South Korea,Olivia Smith,15,2015,2022-04-01,76.0,1,U/A 13+,4.0,0.2,0.14,56,0,22.0,0.3,0,New,4.3,-21.7,-98.63636363636363,Flop
CS-0368,Crimson Witness,Movie,Drama,Hindi,India,Akira Roy,10,2021,2024-01-03,102.0,1,A,8.8,16.21,23.42,85,4,58.4,21.8,3818,New,10.0,-36.599999999999994,-62.671232876712324,Flop
CS-0369,Midnight Shadow III,Stand-Up,Sci-Fi,Kannada,India,James Sato,10,2017,2024-07-18,59.0,1,U/A 16+,5.7,7.68,4.23,56,0,3.0,10.6,1509,New,7.6,7.6,253.33333333333331,Break-even
CS-0370,Last Bridge of the North,Movie,Animation,English,UK,Akira Joshi,15,2017,2024-06-08,119.0,1,U/A 16+,6.3,6.43,9.05,71,0,79.5,4.8,1040,Popular,5.2,-74.7,-93.9622641509434,Flop
CS-0371,Wild Bridge,Series,Reality,Telugu,India,Hyun Kumar,8,2016,2021-08-08,330.0,6,A,7.0,5.96,30.16,92,0,66.2,5.4,4892,Classic,5.7,-60.800000000000004,-91.8429003021148,Flop
CS-0372,Frozen City of Sound,Movie,Drama,Korean,South Korea,Priya Tanaka,12,2019,2021-02-03,159.0,1,A,6.3,0.2,0.31,58,1,27.4,1.7,264,Classic,7.0,-25.7,-93.7956204379562,Flop
CS-0373,Golden Mirror,Movie,Drama,Telugu,India,Aylin Menon,6,2019,2022-07-11,118.0,1,U/A 13+,6.0,18.32,19.82,55,0,34.2,17.7,5581,Popular,6.6,-16.500000000000004,-48.245614035087726,Flop
CS-0374,Hidden City II,Series,Comedy,Tamil,India,Anand Bose,5,2017,2022-06-08,,40,U/A 13+,7.4,7.76,167.87,59,1,70.2,14.0,2882,Popular,5.6,-56.2,-80.05698005698005,Flop
CS-0375,Forbidden Hour,Movie,Drama,Tamil,India,Vikram Kim,15,2024,2024-12-18,93.0,1,U/A 13+,6.1,7.2,6.47,58,2,37.2,16.4,353,New,6.1,-20.800000000000004,-55.91397849462366,Flop
CS-0376,Whispering Empire,Movie,Reality,Hindi,India,Asha Brown,9,2020,2023-03-17,162.0,1,U/A 16+,7.5,15.22,29.18,71,2,32.2,16.1,2288,Classic,6.5,-16.1,-50.0,Flop
CS-0377,Crimson Bridge: Origins,Documentary,Romance,English,USA,Vikram Lopez,13,2019,2021-02-24,294.0,6,U/A 13+,8.5,29.14,104.23,73,3,10.4,64.8,6822,Popular,8.0,54.4,523.0769230769231,Hit
CS-0378,Mountain Whispering: Reborn,Documentary,Thriller,Tamil,India,Yuki Patel,10,2024,2020-01-12,160.0,4,U/A 13+,7.5,8.99,15.82,66,1,12.6,16.9,3238,Popular,7.0,4.299999999999999,34.12698412698412,Break-even
CS-0379,Storm Sacred,Movie,Comedy,Tamil,India,Rohan Kim,14,2019,2023-04-12,171.0,1,U/A 13+,8.7,24.85,57.37,81,4,25.4,30.1,5890,New,8.0,4.700000000000003,18.50393700787403,Break-even
CS-0380,Storm Eternal,Movie,Drama,Bengali,India,Akira Smith,6,2016,2024-02-24,164.0,1,U/A 13+,5.4,10.67,16.92,58,0,32.6,11.4,3915,Popular,6.0,-21.200000000000003,-65.03067484662577,Flop
CS-0381,Dark Witness: Origins,Movie,Romance,Korean,South Korea,James Pillai,3,2017,2024-09-15,145.0,1,U/A 13+,7.7,22.72,32.39,59,0,24.2,43.8,6095,Popular,9.0,19.599999999999998,80.99173553719008,Break-even
CS-0382,Light Bright,Documentary,Drama,Kannada,India,Diego Lee,8,2015,2023-10-10,91.0,1,U/A 16+,6.6,18.4,19.53,70,0,2.2,15.8,618,New,6.7,13.600000000000001,618.1818181818181,Break-even
CS-0383,Silent Voyage III,Stand-Up,Horror,Spanish,Spain,Min-jun Bose,14,2024,2020-03-10,93.0,1,U/A 13+,7.4,16.13,18.5,74,1,5.4,29.7,3669,Classic,6.7,24.299999999999997,449.9999999999999,Hit
CS-0384,Mirror Dark II,Stand-Up,Thriller,Turkish,Turkey,Akira Yilmaz,14,2017,2021-05-03,94.0,1,U,7.3,6.64,4.89,47,1,1.9,11.8,5115,Classic,8.8,9.9,521.0526315789474,Break-even
CS-0385,Whispering Crown,Series,Horror,Tamil,India,Various,15,2021,2022-03-10,300.0,12,U/A 13+,6.1,13.29,31.9,48,1,66.1,30.5,1033,Classic,4.5,-35.599999999999994,-53.85779122541603,Flop
CS-0386,River Forbidden: Origins,Series,Animation,Bengali,India,Various,3,2017,2020-01-08,,24,U/A 16+,6.4,15.39,237.01,70,0,80.9,27.5,0,Classic,7.4,-53.400000000000006,-66.00741656365884,Flop
CS-0387,Hunter Shattered III,Documentary,Drama,Telugu,India,nan,4,2021,2023-06-16,288.0,6,U/A 13+,7.1,23.77,79.87,70,3,18.8,48.7,10216,Classic,6.1,29.900000000000002,159.04255319148936,Hit
CS-0388,Game Eternal of Stone,Movie,Action,English,Canada,Sanjay Roy,5,2020,2024-05-31,170.0,1,U/A 13+,7.1,13.44,27.42,72,1,35.1,27.8,2292,Popular,7.6,-7.300000000000001,-20.7977207977208,Flop
CS-0389,Empire Whispering II,Movie,Sci-Fi,Tamil,India,Neha Patel,4,2022,2022-03-25,123.0,1,A,5.7,3.37,3.25,47,0,60.8,2.5,0,Classic,5.2,-58.3,-95.88815789473685,Flop
CS-0390,Crown Whispering of Sound,Series,Thriller,Tamil,India,Various,10,2023,2021-09-12,,40,U/A 13+,5.4,0.23,2.9,54,0,78.2,0.2,0,Classic,5.5,-78.0,-99.74424552429667,Flop
CS-0391,City Distant III,Series,Romance,Tamil,India,Mira Lopez,8,2019,2023-05-09,,24,U/A 13+,8.7,12.27,245.65,91,3,96.2,30.8,7140,Classic,8.4,-65.4,-67.983367983368,Flop
CS-0392,Cipher Bright,Movie,Kids,Kannada,India,Karan Pillai,13,2015,2021-04-16,109.0,1,U/A 13+,5.8,16.31,21.63,73,0,25.0,29.1,0,Trending,4.0,4.100000000000001,16.400000000000006,Break-even
CS-0393,Hunter Midnight,Movie,Animation,Tamil,India,Rohan Bose,13,2023,2024-03-26,117.0,1,U/A 13+,7.0,14.3,21.19,76,0,66.7,11.2,3081,New,8.1,-55.5,-83.20839580209895,Flop
CS-0394,Hunter Silent,Documentary,Horror,Hindi,India,Rohan Kim,11,2022,2024-10-04,84.0,1,U,6.9,19.38,17.36,64,0,9.0,16.9,3926,Popular,8.0,7.899999999999999,87.77777777777777,Break-even
CS-0395,Forbidden Cipher,Series,Romance,Hindi,India,Kavya Menon,15,2017,2023-05-04,210.0,6,U/A 16+,4.2,8.07,5.37,19,0,86.4,13.8,0,Classic,3.8,-72.60000000000001,-84.02777777777779,Flop
CS-0396,Quiet Bridge,Movie,Horror,Hindi,India,Carla Khan,5,2021,2023-05-28,156.0,1,A,6.8,19.31,26.11,52,2,38.8,35.8,144,Classic,5.1,-3.0,-7.731958762886598,Flop
CS-0397,Whispering Garden II,Movie,Reality,English,Australia,Carla Kim,4,2024,2022-10-28,143.0,1,A,6.2,26.12,32.99,53,0,69.2,47.0,287,New,6.6,-22.200000000000003,-32.08092485549133,Flop
CS-0398,City Hidden,Movie,Kids,Hindi,India,Diego Patel,10,2024,2024-12-20,95.0,1,U/A 16+,7.2,17.13,11.12,41,1,18.8,32.5,2265,Popular,7.0,13.7,72.87234042553192,Break-even
CS-0399,Sacred Bridge of the Lost,Series,Sci-Fi,Hindi,India,Various,10,2022,2020-10-15,600.0,12,U,6.9,8.92,57.09,64,1,30.8,9.7,284,Classic,5.3,-21.1,-68.5064935064935,Flop
CS-0400,Last Witness II,Movie,Kids,Spanish,Spain,Karan Bose,4,2015,2020-08-05,164.0,1,U/A 16+,6.5,5.62,9.22,60,0,36.7,4.1,4300,Popular,4.7,-32.6,-88.8283378746594,Flop
CS-0401,Midnight City of Stone,Series,Drama,Telugu,India,Various,10,2022,2020-09-23,220.0,10,U/A 16+,7.0,8.58,20.45,65,2,58.4,9.2,3457,New,6.2,-49.2,-84.24657534246576,Flop
CS-0402,Code The of the North,Movie,Reality,Tamil,India,Kavya Lopez,3,2023,2024-09-17,97.0,1,A,7.8,12.32,13.74,69,1,25.7,25.9,4738,Classic,5.3,0.1999999999999993,0.7782101167315147,Break-even
CS-0403,Letter Shattered: Reborn,Stand-Up,Reality,Hindi,India,Yuki Lee,9,2020,2021-06-14,74.0,1,U/A 13+,6.8,31.35,24.75,64,1,0.5,70.3,5262,Popular,8.3,69.8,13960.0,Hit
CS-0404,The Echo,Series,Sci-Fi,Hindi,India,Min-jun Patel,4,2024,2020-10-30,550.0,10,U/A 13+,7.2,18.79,98.18,57,1,52.0,23.4,1020,Classic,7.0,-28.6,-55.00000000000001,Flop
CS-0405,Quiet Verdict,Movie,Animation,Tamil,India,Arjun Khan,10,2024,2020-06-27,87.0,1,U/A 13+,6.8,18.02,16.46,63,1,40.2,18.5,1205,Classic,7.3,-21.700000000000003,-53.98009950248757,Flop
CS-0406,Mirror Forbidden: Reborn,Series,Horror,English,UK,Min-jun Menon,9,2015,2020-12-29,500.0,10,U,8.2,27.45,125.81,55,3,63.4,51.9,6114,Popular,8.6,-11.5,-18.138801261829656,Flop
CS-0407,Hidden Verdict,Series,Sci-Fi,English,Canada,Various,5,2024,2023-11-14,600.0,24,A,7.5,24.21,128.31,53,0,8.3,18.8,4858,Classic,6.5,10.5,126.50602409638554,Break-even
CS-0408,Bridge Shattered of Sound,Movie,Comedy,English,Australia,Asha Brown,12,2022,2022-06-26,141.0,1,A,8.5,25.64,39.77,66,2,43.5,59.3,7462,New,7.3,15.799999999999997,36.32183908045976,Break-even
CS-0409,Lost Heir,Movie,Animation,Korean,South Korea,Akira Iyer,12,2022,2020-12-16,141.0,1,U/A 16+,6.7,10.86,16.33,64,0,37.4,12.8,4640,New,6.8,-24.599999999999998,-65.77540106951871,Flop
CS-0410,River Distant III,Movie,Thriller,English,Canada,Riya Jones,13,2021,2024-03-22,135.0,1,U/A 16+,6.7,25.19,40.81,72,2,55.0,26.6,1662,Trending,,-28.4,-51.63636363636363,Flop
CS-0411,Mirror Midnight of the North,Movie,Kids,English,Canada,James Lopez,5,2017,2022-05-29,154.0,1,U/A 13+,8.9,25.89,41.2,62,4,26.6,25.2,7222,Classic,8.7,-1.4000000000000021,-5.2631578947368505,Flop
CS-0412,Dark Crown of the Lost,Movie,Sci-Fi,English,USA,Liam Kim,15,2015,2022-02-26,127.0,1,A,7.8,29.7,33.95,54,1,43.2,21.5,8051,New,6.3,-21.700000000000003,-50.23148148148149,Flop
CS-0413,Mountain Golden III,Series,Horror,English,USA,Carla Joshi,9,2017,2020-01-27,540.0,12,U/A 13+,6.7,13.91,72.61,58,1,67.4,17.0,2186,New,5.8,-50.400000000000006,-74.77744807121663,Flop
CS-0414,The Game: Reborn,Series,Romance,Turkish,Turkey,Yuki Pillai,13,2022,2024-07-24,176.0,8,U/A 16+,6.7,21.62,39.32,62,2,46.1,19.7,3581,Popular,6.6,-26.400000000000002,-57.26681127982647,Flop
CS-0415,Bright Storm,Series,Animation,Kannada,India,Kavya Roy,14,2023,2022-05-27,220.0,10,U/A 16+,8.0,35.98,97.63,74,3,35.8,28.1,2621,Popular,9.7,-7.699999999999996,-21.508379888268145,Flop
CS-0416,Crimson City,Documentary,Sci-Fi,Kannada,India,Mira Garcia,13,2018,2020-10-23,67.0,1,U/A 16+,6.6,7.78,5.21,60,2,15.0,16.3,2527,Popular,5.9,1.3000000000000007,8.666666666666671,Break-even
CS-0417,Diary Forbidden,Movie,Reality,Hindi,India,James Patel,7,2023,2020-08-12,143.0,1,U/A 13+,7.3,16.33,26.47,68,0,32.0,24.0,1504,New,6.6,-8.0,-25.0,Flop
CS-0418,Crown Golden III,Series,Romance,Tamil,India,Diego Khan,11,2020,2022-08-19,,40,U/A 16+,6.5,28.96,317.59,47,0,65.8,37.8,2289,Classic,4.9,-28.0,-42.5531914893617,Flop
CS-0419,Eternal Hunter II,Movie,Action,Telugu,India,Carla Jones,9,2019,2021-04-14,104.0,1,U/A 16+,6.0,13.25,14.24,62,0,0.5,14.4,3827,New,5.2,13.9,2780.0,Break-even
CS-0420,Quiet Shadow of the North,Movie,Sci-Fi,Tamil,India,Karan Menon,9,2015,2022-07-28,144.0,1,U/A 13+,6.2,0.2,0.28,58,0,38.7,0.3,6677,New,6.4,-38.400000000000006,-99.2248062015504,Flop
CS-0421,Forbidden Promise: Origins,Series,Kids,English,Australia,Anand Joshi,11,2024,2021-04-18,500.0,10,U/A 16+,5.2,2.36,7.67,39,0,61.6,3.9,0,Classic,4.7,-57.7,-93.66883116883116,Flop
CS-0422,Echo Dark,Movie,Thriller,Korean,South Korea,Sanjay Sharma,11,2020,2022-04-05,,1,U/A 16+,8.3,21.7,19.1,55,2,29.8,37.2,4018,Classic,7.4,7.400000000000002,24.832214765100677,Break-even
CS-0423,Broken Verdict: Origins,Documentary,Action,Kannada,India,Emre Sharma,9,2023,2023-10-24,105.0,1,A,8.0,16.41,28.14,98,1,8.2,17.8,5980,New,8.2,9.600000000000001,117.07317073170735,Break-even
CS-0424,Distant Shadow: Reborn,Movie,Action,Korean,South Korea,Neha Menon,3,2020,2024-04-15,122.0,1,A,7.6,11.34,15.68,68,2,41.6,24.4,3279,New,6.6,-17.200000000000003,-41.34615384615385,Flop
CS-0425,The Crown of Stone,Movie,Animation,English,UK,Kavya Roy,15,2017,2021-01-12,169.0,1,U/A 16+,7.1,7.05,10.33,52,1,52.3,9.9,6171,New,6.3,-42.4,-81.07074569789675,Flop
CS-0426,Wild Echo,Series,Animation,Korean,South Korea,Diego Bose,9,2015,2021-01-15,,40,U/A 13+,7.6,6.47,166.06,70,2,75.9,13.5,4378,Trending,8.1,-62.400000000000006,-82.21343873517787,Flop
CS-0427,Endless City of Stone,Series,Thriller,English,Canada,Various,12,2017,2020-04-24,840.0,24,U/A 13+,8.0,28.59,252.16,63,3,50.3,34.1,1632,Popular,7.3,-16.199999999999996,-32.206759443339955,Flop
CS-0428,Frozen River,Movie,Drama,Turkish,Turkey,Yuki Garcia,9,2021,2022-04-28,103.0,1,U/A 16+,4.6,0.2,0.16,48,0,49.9,0.4,0,New,4.6,-49.5,-99.19839679358718,Flop
CS-0429,River Dark,Documentary,Kids,Turkish,Turkey,Neha Kim,3,2020,2022-01-31,96.0,1,U/A 13+,5.2,0.7,0.57,51,0,9.4,1.4,0,New,5.7,-8.0,-85.1063829787234,Flop
CS-0430,Shadow Last III,Movie,Sci-Fi,Malayalam,India,Aylin Sharma,8,2024,2022-03-21,130.0,1,U/A 13+,8.0,17.31,18.75,50,2,72.7,20.5,4127,Classic,8.3,-52.2,-71.80192572214581,Flop
CS-0431,The River of Stone,Movie,Romance,Korean,South Korea,Riya Jones,6,2016,2023-12-27,113.0,1,U/A 16+,6.6,13.07,16.25,66,0,36.6,26.9,2344,Classic,5.1,-9.700000000000003,-26.502732240437165,Flop
CS-0432,Shadow Quiet of the North,Movie,Reality,English,Australia,Mira Lopez,10,2020,2022-07-06,119.0,1,U/A 7+,7.4,14.91,25.43,86,1,72.2,29.6,1803,Trending,6.7,-42.6,-59.0027700831025,Flop
CS-0433,Shattered Light of Sound,Series,Romance,English,USA,Various,10,2020,2021-01-09,330.0,6,U/A 7+,6.1,6.6,21.78,60,2,58.4,7.1,1848,New,7.1,-51.3,-87.84246575342466,Flop
CS-0434,Echo Last of Sound,Documentary,Animation,English,UK,Hyun Menon,12,2021,2024-03-30,70.0,1,U/A 16+,7.3,9.24,9.27,86,2,19.3,13.5,7886,Classic,6.7,-5.800000000000001,-30.05181347150259,Flop
CS-0435,Witness Dark III,Movie,Sci-Fi,Bengali,India,Olivia Tanaka,11,2021,2023-10-14,109.0,1,U/A 13+,6.8,6.52,6.99,59,1,24.9,8.4,2249,Popular,5.8,-16.5,-66.26506024096386,Flop
CS-0436,Forbidden Verdict of the Lost,Movie,Comedy,Kannada,India,Asha Lopez,4,2017,2020-07-01,93.0,1,U/A 13+,7.8,27.82,28.89,67,2,31.2,53.3,1086,New,7.9,22.099999999999998,70.83333333333333,Hit
CS-0437,Wild Mountain III,Movie,Animation,Hindi,India,Yuki Bose,5,2019,2023-09-25,134.0,1,U,6.0,13.54,13.91,46,0,50.1,10.0,1258,Popular,6.5,-40.1,-80.03992015968065,Flop
CS-0438,Endless Garden of the North,Movie,Thriller,Korean,South Korea,Rohan Yilmaz,7,2024,2020-04-28,149.0,1,U/A 16+,7.0,9.92,13.06,53,3,38.6,15.9,3383,Popular,5.6,-22.700000000000003,-58.808290155440424,Flop
CS-0439,Sacred Hour of the North,Stand-Up,Reality,English,Canada,Mira Menon,15,2020,2022-10-09,86.0,1,A,7.6,9.26,7.96,60,3,1.6,16.5,5302,Popular,6.0,14.9,931.25,Break-even
CS-0440,The Witness of the Lost,Movie,Drama,Hindi,India,Aylin Kim,15,2023,2023-03-03,130.0,1,U/A 16+,7.2,10.35,14.35,64,2,53.6,21.9,2557,Popular,7.2,-31.700000000000003,-59.14179104477613,Flop
CS-0441,Broken Voyage,Documentary,Thriller,Hindi,India,Diego Kumar,5,2019,2024-07-28,200.0,4,U/A 13+,7.6,19.88,37.77,57,2,11.2,41.8,7630,Classic,6.1,30.599999999999998,273.2142857142857,Hit
CS-0442,Eternal Letter: Origins,Series,Romance,English,UK,Min-jun Lee,11,2015,2023-07-12,330.0,6,A,6.7,19.26,31.78,30,0,84.0,21.5,0,Classic,8.4,-62.5,-74.40476190476191,Flop
CS-0443,Light Forbidden: Reborn,Movie,Comedy,Hindi,India,Sanjay Jones,13,2018,2020-05-21,98.0,1,U/A 16+,6.6,21.83,19.25,54,1,13.1,31.9,0,New,4.6,18.799999999999997,143.51145038167937,Break-even
CS-0444,Echo Forbidden of the North,Movie,Animation,Korean,South Korea,Hyun Jones,6,2016,2024-07-09,93.0,1,U/A 13+,9.2,17.59,19.63,72,5,35.9,38.9,5079,New,8.0,3.0,8.356545961002785,Break-even
CS-0445,Crimson Hour III,Series,Thriller,Japanese,Japan,Various,9,2015,2021-02-17,,40,A,5.5,0.58,11.83,68,0,60.0,0.6,0,New,5.1,-59.4,-99.0,Flop
CS-0446,Golden Verdict of the North,Movie,Animation,Kannada,India,Aylin Yilmaz,6,2022,2022-06-23,160.0,1,A,5.3,7.61,9.33,46,0,13.9,5.6,0,Popular,6.2,-8.3,-59.71223021582735,Flop
CS-0447,Letter Dark: Reborn,Movie,Comedy,Hindi,India,Mira Lopez,4,2022,2020-02-08,120.0,1,U,6.1,24.51,24.51,50,0,59.3,36.1,5608,Classic,5.1,-23.199999999999996,-39.123102866779085,Flop
CS-0448,Mirror Whispering: Origins,Series,Thriller,Malayalam,India,Various,9,2018,2024-04-12,,24,A,7.1,9.5,89.3,47,0,65.5,8.4,3623,Classic,8.2,-57.1,-87.17557251908397,Flop
CS-0449,Quiet Crown II,Movie,Comedy,Tamil,India,Yuki Smith,15,2018,2023-08-04,150.0,1,U/A 7+,6.3,11.53,13.55,47,0,19.6,14.4,0,Popular,6.6,-5.200000000000001,-26.53061224489796,Flop
CS-0450,Endless Game of Sound,Series,Sci-Fi,Malayalam,India,Sophia Menon,6,2022,2022-09-19,720.0,16,U/A 16+,7.4,24.12,205.5,71,1,77.4,36.2,2890,New,5.9,-41.2,-53.229974160206716,Flop
CS-0451,Bright Letter III,Movie,Action,Korean,South Korea,Mira Sato,5,2015,2021-07-25,136.0,1,U/A 16+,6.4,12.47,15.55,55,0,73.3,25.5,1878,Popular,7.5,-47.8,-65.21145975443383,Flop
CS-0452,Heir Broken,Movie,Reality,English,USA,Diego Lopez,5,2021,2020-07-02,144.0,1,U/A 13+,8.3,23.42,30.91,55,1,67.7,26.9,4152,Trending,9.4,-40.800000000000004,-60.265878877400304,Flop
CS-0453,Crimson Diary of Sound,Series,Drama,English,UK,Neha Kumar,6,2023,2023-10-15,880.0,40,U/A 16+,8.0,20.09,191.52,65,2,63.9,31.1,3638,New,9.0,-32.8,-51.330203442879494,Flop
CS-0454,Lost Storm: Reborn,Movie,Animation,Telugu,India,Priya Pillai,4,2022,2022-02-27,123.0,1,U/A 16+,7.7,22.09,28.98,64,1,52.9,19.7,8948,Popular,7.9,-33.2,-62.75992438563328,Flop
CS-0455,Light Forbidden: Reborn,Movie,Thriller,Telugu,India,Min-jun Kim,8,2016,2023-07-02,85.0,1,U/A 16+,7.7,13.35,11.73,62,3,74.6,17.4,4339,Popular,6.9,-57.199999999999996,-76.67560321715817,Flop
CS-0456,Quiet Letter,Movie,Animation,English,USA,Arjun Smith,15,2022,2021-09-27,115.0,1,U/A 13+,6.8,17.43,19.71,59,1,31.0,23.0,2510,Classic,6.3,-8.0,-25.806451612903224,Flop
CS-0457,City Midnight,Series,Reality,Kannada,India,Various,10,2017,2020-12-22,500.0,10,U/A 16+,7.4,18.57,102.14,66,1,34.0,16.3,6789,Classic,6.6,-17.7,-52.058823529411754,Flop
CS-0458,Shattered Diary of the North,Movie,Romance,Hindi,India,Riya Sharma,5,2024,2024-01-16,139.0,1,U/A 16+,5.3,16.89,22.3,57,0,37.5,17.0,0,Popular,5.4,-20.5,-54.666666666666664,Flop
CS-0459,Dark Witness: Reborn,Movie,Thriller,Kannada,India,Asha Lee,5,2021,2021-04-26,103.0,1,U/A 13+,5.9,0.71,0.68,56,0,26.4,1.0,2584,Classic,5.7,-25.4,-96.21212121212122,Flop
CS-0460,Broken Witness of the Lost,Movie,Animation,Telugu,India,Aylin Tanaka,5,2017,2020-01-24,132.0,1,U/A 13+,8.5,32.38,39.18,55,4,33.1,66.2,10807,Classic,6.4,33.1,100.0,Hit
CS-0461,Distant Storm of Sound,Movie,Animation,Telugu,India,Neha Bose,3,2016,2021-11-19,144.0,1,U/A 13+,5.6,0.2,0.15,32,0,37.1,0.1,4476,Classic,4.3,-37.0,-99.73045822102425,Flop
CS-0462,Code Dark of the Lost,Movie,Drama,Turkish,Turkey,Riya Park,11,2024,2020-11-01,131.0,1,U/A 7+,7.1,13.86,23.0,76,3,49.4,22.4,3797,New,7.2,-27.0,-54.655870445344135,Flop
CS-0463,Forbidden Voyage: Origins,Series,Reality,Kannada,India,Karan Roy,8,2024,2023-07-16,264.0,12,U/A 7+,8.4,23.99,74.94,71,4,106.3,26.0,8938,Classic,8.5,-80.3,-75.54092191909689,Flop
CS-0464,Letter Eternal,Series,Kids,Malayalam,India,Arjun Khan,13,2020,2020-07-05,270.0,6,A,5.9,4.78,17.85,83,0,70.9,9.2,1845,New,6.1,-61.7,-87.02397743300423,Flop
CS-0465,Promise Shattered II,Movie,Kids,Tamil,India,Carla Roy,3,2019,2024-04-07,136.0,1,U/A 16+,7.6,18.1,29.13,71,3,38.3,24.4,4137,Classic,7.6,-13.899999999999999,-36.29242819843342,Flop
CS-0466,Bright Crown III,Series,Romance,Hindi,India,Various,10,2018,2023-08-11,440.0,8,U/A 13+,6.9,16.94,67.08,54,0,91.3,21.8,122,New,7.3,-69.5,-76.12267250821468,Flop
CS-0467,Wild Heir: Reborn,Series,Reality,Bengali,India,Sanjay Patel,5,2015,2023-05-16,,40,U/A 7+,8.5,16.01,240.15,45,4,53.2,30.4,7804,Classic,8.3,-22.800000000000004,-42.85714285714286,Flop
CS-0468,Diary Endless,Series,Kids,English,Canada,Various,15,2020,2020-03-27,220.0,10,U/A 13+,9.1,30.37,71.27,64,4,40.3,40.7,7667,New,8.7,0.4000000000000057,0.9925558312655229,Break-even
CS-0469,The Crown II,Documentary,Romance,Spanish,Spain,Min-jun Khan,5,2015,2022-11-21,188.0,4,U/A 16+,9.4,32.48,80.4,79,5,14.1,71.9,5245,Popular,9.6,57.800000000000004,409.9290780141844,Hit
CS-0470,Verdict Sacred,Movie,Kids,Spanish,Spain,Karan Patel,10,2023,2023-05-07,108.0,1,U/A 13+,6.9,16.18,23.01,79,2,40.5,36.4,6976,Classic,6.5,-4.100000000000001,-10.12345679012346,Flop
CS-0471,Silent Diary III,Documentary,Drama,Turkish,Turkey,Priya Sato,5,2023,2021-01-11,98.0,1,A,8.7,28.35,25.93,56,4,16.4,28.9,4069,Classic,6.7,12.5,76.21951219512195,Break-even
CS-0472,Garden Midnight II,Series,Comedy,English,UK,Emre Sharma,14,2019,2024-05-22,550.0,10,U/A 7+,6.5,20.31,80.06,43,2,38.8,34.5,0,Trending,5.2,-4.299999999999997,-11.082474226804118,Flop
CS-0473,Bright Light II,Series,Thriller,Telugu,India,Min-jun Roy,11,2024,2022-03-30,528.0,24,U/A 7+,7.4,20.11,109.72,62,1,84.3,32.6,3587,Classic,7.9,-51.699999999999996,-61.32858837485172,Flop
CS-0474,Whispering Cipher: Reborn,Movie,Reality,Hindi,India,Arjun Jones,15,2022,2020-05-12,120.0,1,U/A 13+,6.6,12.88,15.2,59,3,40.1,30.1,3142,Trending,6.0,-10.0,-24.937655860349125,Flop
CS-0475,Golden River II,Stand-Up,Thriller,Spanish,Spain,Akira Jones,3,2015,2020-12-31,59.0,1,U/A 16+,6.8,16.02,8.19,52,2,1.7,17.3,0,Classic,5.3,15.600000000000001,917.6470588235295,Break-even
CS-0476,Heir Bright: Reborn,Movie,Sci-Fi,Telugu,India,James Park,11,2023,2024-09-30,150.0,1,U/A 13+,6.6,3.75,5.34,57,0,50.0,6.6,1652,Popular,5.4,-43.4,-86.8,Flop
CS-0477,The Hour of Stone,Series,Reality,Korean,South Korea,Neha Tanaka,3,2021,2024-08-07,360.0,8,U,7.7,17.14,57.59,56,2,58.5,39.5,2913,Popular,7.4,-19.0,-32.47863247863248,Flop
CS-0478,Mirror Last of the Lost,Movie,Drama,English,UK,Akira Bose,10,2021,2024-09-29,174.0,1,U/A 16+,7.0,14.92,29.85,69,2,37.2,26.7,2192,Trending,6.9,-10.500000000000004,-28.22580645161291,Flop
CS-0479,Shadow Lost: Origins,Movie,Sci-Fi,Telugu,India,Aylin Yilmaz,13,2019,2023-05-25,158.0,1,U/A 13+,7.8,13.04,25.75,75,5,69.9,33.8,1781,New,7.7,-36.10000000000001,-51.645207439198856,Flop
CS-0480,Bridge Lost of Stone,Movie,Kids,English,USA,Carla Kim,15,2016,2023-12-30,161.0,1,U,6.9,23.34,37.58,60,3,40.7,33.1,7376,Trending,7.7,-7.600000000000001,-18.673218673218674,Flop
CS-0481,Forbidden Garden of the Lost,Series,Thriller,Bengali,India,Various,10,2015,2021-12-16,,40,A,8.2,7.71,124.9,54,3,79.1,11.2,4315,Popular,7.6,-67.89999999999999,-85.84070796460178,Flop
CS-0482,Distant Game,Documentary,Animation,Tamil,India,Aylin Kumar,11,2015,2020-05-01,276.0,6,U/A 16+,8.1,19.51,63.72,71,3,3.8,30.8,7013,New,8.7,27.0,710.5263157894738,Hit
CS-0483,Cipher Bright III,Movie,Animation,Hindi,India,James Kumar,4,2017,2020-02-02,152.0,1,U,6.1,15.57,24.46,62,0,52.9,33.8,0,New,7.3,-19.1,-36.105860113421556,Flop
CS-0484,Quiet Diary: Reborn,Movie,Thriller,English,UK,Diego Bose,6,2018,2021-01-08,173.0,1,U/A 16+,6.5,16.85,25.75,53,0,44.7,15.7,2781,Popular,7.2,-29.000000000000004,-64.87695749440716,Flop
CS-0485,Hidden Hour II,Movie,Romance,Hindi,India,Kavya Menon,4,2022,2021-02-12,163.0,1,U/A 16+,7.4,7.83,10.42,49,1,28.7,12.7,4961,New,4.6,-16.0,-55.749128919860624,Flop
CS-0486,Mirror Midnight of the North,Movie,Drama,Hindi,India,Neha Kumar,12,2020,2022-01-22,175.0,1,U/A 13+,9.2,32.56,70.28,74,5,22.6,71.2,7615,Popular,8.3,48.6,215.04424778761063,Hit
CS-0487,Diary Lost,Movie,Drama,English,UK,Kavya Lee,11,2023,2023-01-16,163.0,1,A,7.8,18.25,36.19,73,2,41.0,43.0,6144,Classic,6.8,2.0,4.878048780487805,Break-even
CS-0488,City Broken,Series,Thriller,Spanish,Spain,Min-jun Joshi,9,2024,2022-01-02,840.0,24,U/A 13+,8.0,16.43,108.11,47,1,73.5,32.7,10038,Popular,5.7,-40.8,-55.51020408163265,Flop
CS-0489,Silent Storm of Stone,Series,Romance,Korean,South Korea,Anand Park,12,2020,2021-03-24,300.0,6,U/A 13+,8.1,25.43,92.82,73,2,54.2,34.5,1108,New,8.6,-19.700000000000003,-36.34686346863469,Flop
CS-0490,Distant Witness: Origins,Series,Horror,Korean,South Korea,Various,7,2019,2020-03-15,800.0,16,A,6.6,6.69,37.46,42,3,0.5,12.6,3545,Popular,6.1,12.1,2420.0,Break-even
CS-0491,Promise Eternal,Documentary,Reality,Malayalam,India,Min-jun Smith,6,2019,2021-08-12,196.0,4,U/A 16+,5.7,3.16,3.41,33,0,13.2,6.0,4191,Popular,7.3,-7.199999999999999,-54.54545454545454,Flop
CS-0492,Verdict Sacred,Movie,Action,Telugu,India,Anand Lopez,11,2019,2020-05-09,127.0,1,U/A 13+,8.9,43.02,53.72,59,5,21.0,74.2,7223,Trending,9.3,53.2,253.33333333333337,Hit
CS-0493,Broken Garden,Series,Thriller,Kannada,India,Min-jun Patel,12,2015,2021-09-08,400.0,16,U/A 7+,9.7,41.86,206.51,74,5,76.9,44.1,10767,New,9.7,-32.800000000000004,-42.65279583875163,Flop
CS-0494,Shattered Letter of Stone,Movie,Reality,Telugu,India,Carla Sharma,12,2020,2020-07-01,97.0,1,U/A 13+,7.4,20.92,26.38,78,2,26.5,22.2,2075,New,7.1,-4.300000000000001,-16.226415094339625,Flop
CS-0495,Hour Midnight of the North,Series,Sci-Fi,Hindi,India,Vikram Joshi,3,2023,2024-10-22,400.0,16,U/A 13+,8.6,33.22,163.89,74,4,45.6,36.3,8252,Classic,8.8,-9.300000000000004,-20.39473684210527,Flop
CS-0496,Mirror The of the Lost,Movie,Thriller,Kannada,India,Liam Jones,6,2023,2024-11-29,160.0,1,U/A 16+,7.7,15.42,27.96,68,0,56.3,10.3,0,New,6.0,-46.0,-81.70515097690941,Flop
CS-0497,Bright Diary of the North,Movie,Drama,Hindi,India,Riya Yilmaz,9,2017,2022-10-20,145.0,1,U/A 16+,9.0,30.72,66.82,90,5,41.3,35.5,7186,Popular,10.0,-5.799999999999997,-14.043583535108953,Flop
CS-0498,Mirror Lost: Origins,Movie,Drama,Korean,South Korea,Mira Tanaka,15,2018,2022-01-01,171.0,1,U/A 13+,8.0,22.41,37.04,58,2,35.1,17.7,6372,New,7.5,-17.400000000000002,-49.572649572649574,Flop
CS-0499,Code Quiet: Origins,Series,Reality,Kannada,India,Sophia Smith,8,2023,2024-03-14,150.0,6,U/A 13+,6.7,13.76,23.74,69,0,13.7,13.7,371,Popular,5.4,0.0,0.0,Break-even
CS-0500,Game Quiet: Reborn,Movie,Reality,Hindi,India,Anand Khan,11,2015,2022-01-14,143.0,1,U/A 13+,6.4,26.7,38.18,60,0,39.1,53.0,2527,New,5.3,13.899999999999999,35.549872122762146,Break-even
CS-0501,Quiet Letter: Origins,Movie,Thriller,Spanish,Spain,Karan Patel,3,2020,2021-06-03,111.0,1,U/A 13+,5.1,27.24,19.65,39,0,59.5,28.7,0,New,4.8,-30.8,-51.76470588235295,Flop
CS-0502,Wild Echo of the Lost,Series,Comedy,English,Australia,Sanjay Park,4,2019,2024-05-02,300.0,6,A,5.9,27.5,75.62,55,0,111.3,23.5,0,Popular,5.5,-87.8,-78.8858939802336,Flop
CS-0503,Broken Storm III,Movie,Kids,Hindi,India,Priya Tanaka,10,2018,2022-09-15,156.0,1,U/A 13+,8.3,24.87,40.74,63,3,11.1,33.4,5708,Classic,7.8,22.299999999999997,200.9009009009009,Hit
CS-0504,Whispering Voyage II,Movie,Horror,English,Australia,Liam Smith,9,2022,2021-06-08,85.0,1,A,6.7,24.25,21.99,64,1,57.2,26.0,1536,Trending,6.3,-31.200000000000003,-54.545454545454554,Flop
CS-0505,Broken Heir III,Series,Comedy,Spanish,Spain,Asha Roy,11,2021,2020-04-21,560.0,16,U/A 13+,6.9,15.11,74.74,53,1,69.3,26.1,7049,Classic,7.3,-43.199999999999996,-62.33766233766234,Flop
CS-0506,Letter Golden of Sound,Movie,Reality,English,Canada,Emre Khan,7,2024,2023-06-18,97.0,1,U,6.7,20.89,22.63,67,1,45.5,18.2,3376,Classic,6.1,-27.3,-60.0,Flop
CS-0507,Silent Hunter,Movie,Reality,Hindi,India,Arjun Park,11,2021,2020-02-12,133.0,1,U/A 16+,7.3,9.2,15.7,77,0,20.8,7.9,3554,Trending,5.8,-12.9,-62.019230769230774,Flop
CS-0508,Forbidden Heir,Movie,Drama,Hindi,India,Liam Smith,3,2018,2021-08-01,172.0,1,U/A 13+,6.7,22.92,32.19,49,1,35.5,29.9,0,New,4.3,-5.600000000000001,-15.774647887323948,Flop
CS-0509,Last Game III,Series,Reality,English,Canada,Various,11,2022,2024-03-04,,40,U/A 16+,5.7,0.2,2.73,41,0,56.1,0.3,4093,Trending,5.6,-55.800000000000004,-99.46524064171123,Flop
CS-0510,Golden Heir of Stone,Stand-Up,Kids,English,Australia,Karan Joshi,10,2024,2021-12-18,50.0,1,U/A 13+,6.7,4.0,1.67,50,2,2.0,11.6,0,Trending,6.6,9.6,480.0,Break-even
CS-0511,Lost Heir: Reborn,Movie,Reality,Spanish,Spain,Hyun Kim,14,2015,2021-11-09,123.0,1,U/A 16+,8.4,38.24,47.82,61,5,5.6,58.0,7502,Classic,7.7,52.4,935.7142857142858,Hit
CS-0512,Burning Verdict,Stand-Up,Sci-Fi,Hindi,India,Diego Tanaka,9,2015,2022-07-02,83.0,1,U/A 13+,7.2,11.4,10.57,67,0,0.8,10.4,1576,Classic,5.9,9.6,1199.9999999999998,Break-even
CS-0513,Game Wild,Series,Sci-Fi,Hindi,India,Asha Lee,8,2023,2020-09-22,420.0,12,U/A 13+,5.4,8.94,9.39,15,0,67.9,13.9,1294,Popular,5.6,-54.00000000000001,-79.52871870397644,Flop
CS-0514,City Sacred III,Movie,Kids,Turkish,Turkey,Neha Joshi,8,2019,2020-07-13,132.0,1,A,10.0,11.02,15.27,63,4,41.8,12.8,5949,Classic,9.4,-28.999999999999996,-69.377990430622,Flop
CS-0515,Midnight Cipher of the North,Series,Action,Hindi,India,Various,6,2015,2021-10-11,,24,U,5.7,7.08,98.13,63,1,73.1,7.7,5081,Classic,5.2,-65.39999999999999,-89.46648426812584,Flop
CS-0516,Heir Silent II,Movie,Action,Hindi,India,Vikram Sharma,4,2020,2022-07-28,107.0,1,U/A 13+,7.5,24.15,22.83,53,1,20.1,32.3,1675,Popular,6.2,12.199999999999996,60.6965174129353,Break-even
CS-0517,Diary Shattered of the North,Movie,Thriller,English,UK,Priya Sato,14,2017,2020-01-31,143.0,1,U/A 16+,7.1,18.65,24.89,56,1,53.2,21.2,0,Popular,5.1,-32.0,-60.150375939849624,Flop
CS-0518,Endless Light of the Lost,Movie,Sci-Fi,Spanish,Spain,Asha Kim,4,2020,2022-11-13,153.0,1,U/A 16+,6.9,9.94,18.0,71,0,29.6,13.0,7420,Classic,4.2,-16.6,-56.08108108108109,Flop
CS-0519,Voyage Golden,Movie,Animation,Tamil,India,Min-jun Smith,6,2020,2024-04-24,139.0,1,A,5.2,0.92,1.02,48,0,0.5,1.7,2511,New,5.5,1.2,240.0,Break-even
CS-0520,Crimson Crown,Movie,Kids,English,USA,Karan Kim,4,2020,2020-11-26,100.0,1,A,6.9,31.57,36.31,69,2,26.2,57.5,6204,New,5.4,31.3,119.46564885496184,Hit
